3705a2e0-a497-4e63-a655-89d91cb1cfa5,{'subject': 'C:\\Windows\\System32\\spoolsv.exe'},220
0bab7009-bb09-40fc-a3a2-e87c239e4ffd,{'file': '\\Device\\HarddiskVolume1\\Windows\\System32\\winspool.drv'},222
541ac8b7-7525-4c92-a581-4ca97381c910,{'file': 'C:\\Windows\\explorer.exe'},251
1b14afc8-256a-4ae6-b622-2a4df658814e,{'file': '\\Device\\HarddiskVolume1\\Windows\\System32\\bthprops.cpl'},252
a07216d5-e516-4887-864e-daa5192861f0,{'file': '\\Device\\HarddiskVolume1\\Windows\\System32\\wdmaud.drv'},253
73d5a414-1dec-4f1e-9f63-5153ba3df665,{'file': '\\Device\\HarddiskVolume1\\Windows\\System32\\msacm32.drv'},254
9af65bbe-cac2-4fbf-be36-c6b82a451fb4,{'file': '\\Device\\HarddiskVolume1\\Windows\\System32\\wscui.cpl'},255
cde7b9ef-09a4-442a-aa2e-1cc57f678587,{'file': '\\Device\\HarddiskVolume1\\Windows\\System32\\WinMetadata\\Windows.Foundation.winmd'},264
310632d0-3c02-4900-9012-a0a79750d3b3,{'file': '\\Device\\HarddiskVolume1\\Windows\\System32\\WinMetadata\\Windows.UI.winmd'},268
ea5e809b-e0a1-4b27-8496-a203d2d00274,{'file': 'C:\\Users\\victim\\AppData\\Roaming\\Microsoft\\Windows\\Recent\\AutomaticDestinations\\f01b4d95cf55d32a.automaticDestinations-ms'},349
1da8dfbd-bba8-47b3-93e4-989d77b40081,{'subject': 'C:\\Windows\\System32\\spoolsv.exe'},408
d33ed84e-8ff3-4cd5-b7c6-40f55bc592a2,{'subject': 'C:\\Windows\\System32\\spoolsv.exe'},532
1864d680-e070-4289-b4b7-4e21d2df7a5f,{'file': 'C:\\Users\\desktop.ini'},617
2d6d54a7-8a1d-4a77-8a61-007de41f43e5,{'file': 'C:\\Users\\victim\\AppData\\Roaming\\Microsoft\\Windows\\Themes\\CachedFiles\\CachedImage_1862_965_POS4.jpg'},624
58622619-3c64-4fed-b76e-a30a70babb13,{'file': 'C:\\Users\\victim\\Desktop\\desktop.ini'},639
f7fe4963-996b-4871-b0a6-5182943e43a3,{'file': 'C:\\Users\\victim\\Downloads\\desktop.ini'},640
b46c2976-6d54-4d5b-be0a-d709bc1cd604,{'file': 'C:\\Users\\victim\\Documents\\desktop.ini'},641
9136f1d3-1a1c-4b43-bbfb-09315116efc8,{'file': 'C:\\Users\\victim\\Pictures\\desktop.ini'},642
f926c363-b276-40ad-bc16-540b76f4070d,{'file': 'C:\\Users\\victim\\Music\\desktop.ini'},643
4cae7812-d457-44dd-92fa-d69ef9d83bca,{'file': 'C:\\Users\\victim\\Videos\\desktop.ini'},644
54bcf40d-6111-47e0-a86a-4122dd781617,{'file': 'C:\\$RECYCLE.BIN\\S-1-5-21-3344029263-1063349748-2086425053-1000\\desktop.ini'},651
f53019ff-581f-4193-aac4-b6da72eead00,{'file': 'C:\\Users\\victim\\AppData\\Roaming\\Microsoft\\Windows\\Recent\\AutomaticDestinations\\5f7b5f1e01b83767.automaticDestinations-ms'},652
e58b4fe7-6185-4387-9ef0-f5040d9f39b6,{'file': '\\Device\\Mup\\;VBoxMiniRdr\\'},661
5aae6c4e-2ee3-40a4-bc70-a51ed74efe2f,{'file': 'C:\\Users\\Public\\Desktop\\desktop.ini'},663
5d0d141d-cfdf-48f6-8143-27275ae6c6f3,{'file': 'C:\\Users\\Public\\Desktop\\Microsoft Edge.lnk'},669
9282010e-98ca-4c26-b1dd-4d1d9fb067f9,{'file': 'C:\\Windows\\system32\\activationclient.dll'},681
98f17f77-3241-4624-b950-e6cd5e681afa,"{'subject': '""C:\\Windows\\ImmersiveControlPanel\\SystemSettings.exe"" -ServerName:microsoft.windows.immersivecontrolpanel'}",683
bff41436-ad48-447f-abc2-9a369c1d822b,{'file': 'C:\\Users\\victim\\OneDrive\\desktop.ini'},749
ac014df2-da8a-4467-9fd6-7b37c4c455e3,{'subject': 'C:\\Windows\\System32\\spoolsv.exe'},794
0b7373f7-d1f7-4fb6-9115-7fd56a5e1252,{'subject': 'C:\\Windows\\system32\\svchost.exe -k LocalSystemNetworkRestricted -p -s SysMain'},924
3c3438c5-edbc-41a0-9812-93485a0ff6fa,{'subject': 'C:\\Windows\\System32\\spoolsv.exe'},941
5dbfc550-3d97-4a7f-ae60-5c944b76f1bc,{'subject': 'C:\\Windows\\system32\\svchost.exe -k wsappx -p -s AppXSvc'},961
08f8a020-ec6a-4f2a-94d4-9afe19ee27a8,{'subject': 'C:\\Windows\\system32\\svchost.exe -k netsvcs -p -s wuauserv'},971
22f52d2c-ba66-4e65-9e71-d903e1d2d1e0,{'subject': 'C:\\Windows\\Explorer.EXE'},986
7a03446f-e22d-4957-9ddf-fcb3e2ebf15e,{'subject': 'C:\\Windows\\System32\\RuntimeBroker.exe -Embedding'},997
03754798-f64c-4ec5-ba8f-fc1f0a40a403,{'subject': 'C:\\Windows\\system32\\wbem\\wmiprvse.exe -Embedding'},1013
6fb0a986-a9c7-4385-bbf0-959683e1c3ac,"{'subject': '""C:\\Program Files (x86)\\Microsoft\\Edge\\Application\\msedge.exe"" --no-startup-window'}",1017
3c6caf70-93e7-4876-b480-30e97377404a,{'file': 'C:\\Program Files (x86)\\Microsoft\\Edge\\Application\\msedge.exe'},1018
3ea96664-859b-4e98-9e6c-9aa174024063,"{'subject': '""C:\\Program Files (x86)\\Microsoft\\Edge\\Application\\msedge.exe"" --type=utility --utility-sub-type=network.mojom.NetworkService --lang=zh-CN --service-sandbox-type=none --no-pre-read-main-dll --startup-read-main-dll --metrics-shmem-handle=2380'}",1021
0bede54b-846f-4fdf-833d-48b5452171b3,{'subject': 'taskhostw.exe'},1025
9609ea15-3c84-4853-9941-10a6b1841f90,{'subject': 'C:\\Windows\\system32\\wbem\\wmiprvse.exe -secured -Embedding'},1035
04ceb4a2-af2d-4606-9ec9-7a0313f4cb7b,"{'subject': '""C:\\ProgramData\\Microsoft\\Windows Defender\\Platform\\4.18.26010.5-0\\MsMpEng.exe""'}",1046
428c0714-f232-43fc-9e98-ff94d913b27b,{'subject': 'C:\\Windows\\system32\\msiexec.exe /V'},1064
1e6f62a1-a93c-4272-bf6c-8ffe623d8d13,{'subject': 'C:\\Windows\\system32\\compattelrunner.exe -m:aeinv.dll -f:UpdateSoftwareInventoryW'},1067
5c9292a2-354d-4140-b270-805174f9485d,{'subject': '\\??\\C:\\Windows\\system32\\conhost.exe 0x4'},1069
de7679c5-72f6-4926-9d07-9a189815d7ad,{'file': 'i:WofCompressedDat'},1076
a0f8d514-ed28-460c-b344-ae3e4c0abb5c,{'file': 'conhost.exe'},1092
dcf23a98-dcaf-40ad-8687-7ab6e6774a40,{'netflow': '10.0.2.15:41676->23.33.29.210:47873'},1096
3a3fb682-9ee5-4ae6-bfa8-1c36d1c94ea7,{'file': 'C:\\Users\\victim\\AppData\\Local\\Microsoft\\Windows\\INetCache\\IE\\CY46PLUZ\\th[1].png'},1097
63a787c7-d455-4d14-80c7-6313845ee65a,{'netflow': '10.0.2.15:38604->23.209.94.196:47873'},1103
0490fecd-9f15-45a7-9e37-6c212b22d56f,{'file': 'msedge.exe'},1109
e6ea1480-36ae-4080-a914-84fffb0edf59,{'file': 'C:\\Users\\victim\\AppData\\Local\\Microsoft\\Edge\\User Data\\Default\\Asset Store\\assets.db\\LOG.old'},1113
6045b6cf-7ead-4620-9552-d1969af5ffee,{'file': 'C:\\Users\\victim\\AppData\\Local\\Microsoft\\Edge\\User Data\\Default\\Asset Store\\assets.db\\LOG.old~RF1696d6.TMP'},1114
2e69904a-a7ab-43c6-99d5-8550768eab89,{'file': 'C:\\Users\\victim\\AppData\\Local\\Microsoft\\Edge\\User Data\\Default\\Asset Store\\assets.db\\LOG'},1115
71322832-d86e-4d64-a07c-d22099a8b19e,{'file': 'C:\\Users\\victim\\AppData\\Local\\Microsoft\\Edge\\User Data\\Default\\Cache\\Cache_Data\\f_00009c'},1121
d0d84734-10b1-4843-b1dc-6c785e6b5c72,{'file': 'C:\\Users\\victim\\AppData\\Local\\Microsoft\\Edge\\User Data\\c3c661f8-f043-4f1f-8d4f-2949384fc211.tmp'},1123
41f91a38-8ae7-48a2-be28-9ca05b8820fc,{'file': 'C:\\Users\\victim\\AppData\\Local\\Microsoft\\Edge\\User Data\\Local State'},1124
9935d3eb-24e5-47a5-9722-0ca98042dcdd,{'file': 'C:\\Users\\victim\\AppData\\Local\\Microsoft\\Edge\\User Data\\Local State~RF16bcec.TMP'},1125
6f3f6f6b-3354-402d-8151-a94d302d3717,{'file': 'C:\\Users\\victim\\AppData\\Local\\Microsoft\\Edge\\User Data\\Default\\Network\\5d447042-dba5-4739-ae6e-c968e1d23bb5.tmp'},1126
19e9af4c-5113-4731-99fb-9b6c6bb8e0fc,{'file': 'C:\\Users\\victim\\AppData\\Local\\Microsoft\\Edge\\User Data\\Default\\Network\\TransportSecurity'},1127
617dacf0-db52-4107-b9d8-71c4f9838036,{'file': 'C:\\Users\\victim\\AppData\\Local\\Microsoft\\Edge\\User Data\\Default\\Network\\TransportSecurity~RF16d14f.TMP'},1128
abde98e6-f9d2-4123-98fd-35caf4c05d95,{'netflow': '10.0.2.15:43212->23.209.94.196:47873'},1152
441d222e-67dd-4942-99df-679a6f0a5c36,{'file': 'C:\\Users\\victim\\AppData\\Local\\Microsoft\\Windows\\INetCache\\IE\\DLVWNFMQ\\rainstart0[1].svg'},1153
d7464383-4200-43ec-8e06-3e24f7902911,{'file': 'C:\\Program Files\\Windows NT\\Accessories\\WORDPAD.EXE'},1162
2fba2ff9-68ec-4fd0-9f2d-ab6a497d3be1,{'file': 'C:\\Windows\\system32\\ACLUI.dll'},1163
5a47d7d9-5822-44cb-87e2-6e438e825342,{'file': 'C:\\Windows\\System32\\dfscli.dll'},1164
4f3d604a-eaeb-454f-80f7-5e8c2267abe3,{'file': 'C:\\Windows\\System32\\SrmTrace.DLL'},1165
36c1c4ac-0961-458c-8590-07c6cc0dc27c,{'file': 'C:\\Users\\victim\\AppData\\Roaming\\Microsoft\\Internet Explorer\\Quick Launch\\User Pinned\\TaskBar\\Microsoft Edge.lnk'},1166
c76899fe-84e2-40b4-a9d5-3ed24bbbe399,{'file': 'C:\\Users\\victim\\AppData\\Local\\Microsoft\\Edge\\User Data\\Default\\Sessions\\Tabs_13412833937467492'},1169
21dce417-a19e-45bd-9c56-870a7485149d,{'file': 'C:\\Users\\victim\\AppData\\Local\\Microsoft\\Edge\\User Data\\Default\\Sessions\\Tabs_13412833061828509'},1170
0633482f-e7cf-4458-b0ad-d96d0da23a7a,{'file': 'C:\\Users\\victim\\AppData\\Local\\Microsoft\\Edge\\User Data\\Default\\HubApps'},1171
40e100e8-5baa-40cc-b2be-0f3d285e0a07,{'file': 'C:\\Users\\victim\\AppData\\Local\\Microsoft\\Edge\\User Data\\Default\\HubApps Icons'},1172
9c2bf25b-7ddd-4a6d-adbc-ed7db4aca063,{'file': 'C:\\Windows\\System32\\Windows.System.Profile.RetailInfo.dll'},1173
9cd6ad72-7f51-4f14-b1bb-fef0ec7fd840,{'file': 'C:\\Users\\victim\\AppData\\Local\\Microsoft\\Edge\\User Data\\Crashpad\\settings.dat'},1174
0888407e-9dd0-4d8e-96f3-5c1bd0f85cde,{'file': 'C:\\WINDOWS\\FONTS\\SEGUISBI.TTF'},1175
33511df2-8476-43a9-978b-6a2144ee89b0,{'file': 'C:\\Users\\victim\\AppData\\Local\\Microsoft\\Edge\\User Data\\Default\\Web Data-journal'},1176
2713598e-448a-431e-8d11-4af835c2a0fb,{'file': '0:WofCompressedDat'},1178
501f5f75-3305-4649-b847-398f7d61ba2b,{'file': 'C:\\Users\\victim\\AppData\\Local\\Microsoft\\Edge\\User Data\\Default\\Service Worker\\ScriptCache\\2cc80dabc69f58b6_0'},1179
876986b3-9504-4b71-8c9f-15c9bafd6371,{'file': '1:WofCompressedDat'},1180
f7139ea3-0465-4db1-b87a-f33c9ce5fe12,{'file': 'C:\\Users\\victim\\AppData\\Local\\Microsoft\\Edge\\User Data\\Default\\Service Worker\\ScriptCache\\2cc80dabc69f58b6_1'},1181
710bd323-25b0-48be-a79b-d0a4f2f3c69f,{'file': 'C:\\Users\\victim\\AppData\\Local\\Microsoft\\Edge\\User Data\\Default\\Asset Store\\assets.db\\LOG.old~RF17e5cc.TMP'},1182
59a8ccf2-9dbf-4eca-89d5-2cb4631187e7,{'netflow': '10.0.2.15:44748->52.178.17.234:47873'},1183
1934f346-89e6-4efe-b346-000fd6a21134,{'netflow': '10.0.2.15:44492->3.162.174.32:47873'},1184
63006aa7-5398-4cbd-800d-aa26785f6d36,{'netflow': '10.0.2.15:44236->204.79.197.203:47873'},1185
a5053661-c2f4-4d33-9d69-da98355898dc,{'netflow': '10.0.2.15:45260->204.79.197.203:47873'},1186
a1503491-e360-4d72-963b-d85981a96646,{'netflow': '10.0.2.15:45772->3.162.174.32:47873'},1187
b65eb1ef-a008-44af-b26b-480cbe2f0f90,{'netflow': '10.0.2.15:46028->52.178.17.234:47873'},1188
92b1a893-2923-4ffc-be3f-8bce62dd6806,{'file': 'C:\\Users\\victim\\AppData\\Local\\Microsoft\\Edge\\User Data\\Default\\Cache\\Cache_Data\\f_000032'},1189
b917aebd-7e62-4e92-86c8-8d5f0abc1bb6,{'file': 'C:\\Users\\victim\\AppData\\Local\\Microsoft\\Edge\\User Data\\Default\\Service Worker\\CacheStorage\\3cedfb74d44f2e84198d23075aef16c34a668ceb\\aa6c258a-05d5-4910-ae15-88f927176a51\\6cb67d97a6b3818e_0'},1190
ef4d6168-0e1b-4700-b802-121b428a95d7,{'file': 'C:\\Users\\victim\\AppData\\Local\\Microsoft\\Edge\\User Data\\Default\\Service Worker\\CacheStorage\\3cedfb74d44f2e84198d23075aef16c34a668ceb\\aa6c258a-05d5-4910-ae15-88f927176a51\\6cb67d97a6b3818e_1'},1191
62124272-853e-4915-aeca-297af4404a53,{'file': 'C:\\Users\\victim\\AppData\\Local\\Microsoft\\Edge\\User Data\\Default\\Code Cache\\js'},1192
2a058e58-c69b-45f2-b5de-a9ac76b702c6,{'file': 'C:\\Users\\victim\\AppData\\Local\\Microsoft\\Edge\\User Data\\Default\\Code Cache\\js\\af0c61816ad8aa65_0'},1193
da6414c2-6317-4789-b805-f5509452e68b,{'file': 'C:\\Users\\victim\\AppData\\Local\\Microsoft\\Edge\\User Data\\Default\\Code Cache\\js\\cdaf752ef078fb45_0'},1194
27b0258e-c34a-4360-b52d-f59812f9153b,{'file': 'C:\\Users\\victim\\AppData\\Local\\Microsoft\\Edge\\User Data\\Default\\Cache\\Cache_Data\\f_000046'},1195
b518a54f-692e-4c73-9711-d9202d728131,{'file': 'C:\\Users\\victim\\AppData\\Local\\Microsoft\\Edge\\User Data\\Default\\Cache\\Cache_Data\\f_000011'},1196
d3f420a6-72bc-42f8-b756-13d50530fa10,{'file': 'C:\\Users\\victim\\AppData\\Local\\Microsoft\\Edge\\User Data\\Default\\Cache\\Cache_Data\\f_00009d'},1197
e4eadcc9-6bd9-4a9e-b8e5-2b0dee7400c3,{'file': 'C:\\Users\\victim\\AppData\\Local\\Microsoft\\Edge\\User Data\\Default\\Cache\\Cache_Data\\f_00000f'},1198
48f60b79-dd02-494e-b65a-4c69595396a5,{'file': 'C:\\Users\\victim\\AppData\\Local\\Microsoft\\Edge\\User Data\\Default\\Cache\\Cache_Data\\f_00009e'},1199
e5eba525-9a70-45a2-ba0c-e903b6040e05,{'file': 'C:\\Users\\victim\\AppData\\Local\\Microsoft\\Edge\\User Data\\Default\\Service Worker\\CacheStorage\\3cedfb74d44f2e84198d23075aef16c34a668ceb\\be003260-bc4e-4fe2-9a42-b0d097ccf3d8\\0f7441c0ba81f822_0'},1200
dcd445c6-bff2-4e1e-b856-be3987c19004,{'file': 'C:\\Users\\victim\\AppData\\Local\\Microsoft\\Edge\\User Data\\Default\\Cache\\Cache_Data\\f_00009f'},1201
d20250ff-9b6f-4a57-9c94-878105e06b8b,{'file': 'C:\\Users\\victim\\AppData\\Local\\Microsoft\\Edge\\User Data\\Default\\Service Worker\\CacheStorage\\3cedfb74d44f2e84198d23075aef16c34a668ceb\\a0c213ce-e44a-4605-9d00-6541b4a2d1b9\\index'},1202
1a367840-11eb-4aad-93af-7ac6231946c7,{'file': 'C:\\Users\\victim\\AppData\\Local\\Microsoft\\Edge\\User Data\\Default\\Service Worker\\CacheStorage\\3cedfb74d44f2e84198d23075aef16c34a668ceb\\a0c213ce-e44a-4605-9d00-6541b4a2d1b9\\index-dir\\the-real-index'},1203
386f265b-9dec-4f8e-a9b2-9aac7a85a053,{'file': 'C:\\Users\\victim\\AppData\\Local\\Microsoft\\Edge\\User Data\\Default\\Service Worker\\CacheStorage\\3cedfb74d44f2e84198d23075aef16c34a668ceb\\a0c213ce-e44a-4605-9d00-6541b4a2d1b9\\c394bc2ab245b2ca_0'},1204
195e06fe-c83d-4e13-86aa-8ac42e334e0f,{'file': 'C:\\Users\\victim\\AppData\\Local\\Microsoft\\Edge\\User Data\\Default\\Service Worker\\CacheStorage\\3cedfb74d44f2e84198d23075aef16c34a668ceb\\a0c213ce-e44a-4605-9d00-6541b4a2d1b9\\todelete_c394bc2ab245b2ca_0_1'},1205
51cf1bc5-e329-475c-a371-b406d79267c7,{'netflow': '10.0.2.15:49356->204.79.197.203:47873'},1206
f8379a89-0b74-473d-b137-5e02e63e354d,{'file': 'C:\\Users\\victim\\AppData\\Local\\Microsoft\\Edge\\User Data\\Default\\Cache\\Cache_Data\\f_0000a0'},1207
624348b5-ae92-4202-9a6d-b8f11b401c7a,{'file': 'C:\\Users\\victim\\AppData\\Local\\Microsoft\\Edge\\User Data\\Default\\Cache\\Cache_Data\\f_0000a1'},1208
7040d942-fa13-41f1-b13f-042a3b63fd1f,{'file': 'C:\\Users\\victim\\AppData\\Local\\Microsoft\\Edge\\User Data\\Default\\CdmStorage.db'},1209
b00c677e-1164-40cf-a28c-942a239954ea,{'file': 'C:\\Users\\victim\\AppData\\Local\\Microsoft\\Edge\\User Data\\Default\\InterestGroups'},1210
e86d365d-7def-429f-a482-1882674a16bf,{'file': 'C:\\Users\\victim\\AppData\\Local\\Microsoft\\Edge\\User Data\\Default\\PrivateAggregation'},1211
c0e1a82e-f850-4248-8be4-b5337913b4af,{'file': 'C:\\Users\\victim\\AppData\\Local\\Microsoft\\Edge\\User Data\\Default\\CdmStorage.db-journal'},1212
549d3ae6-8e64-43fb-9e65-7021b01064cf,{'file': 'C:\\Users\\victim\\AppData\\Local\\Microsoft\\Edge\\User Data\\Default\\InterestGroups-journal'},1213
ac7ea2e8-7914-44c3-bcac-3177d4fbae74,{'file': 'C:\\Users\\victim\\AppData\\Local\\Microsoft\\Edge\\User Data\\Default\\Extension Cookies'},1214
240c3820-0758-4777-aff0-6c36415d8468,{'file': 'C:\\Users\\victim\\AppData\\Local\\Microsoft\\Edge\\User Data\\Default\\PrivateAggregation-journal'},1215
e8b4cf39-cc18-464f-9d39-46b6ac0a2e89,{'file': 'C:\\Users\\victim\\AppData\\Local\\Microsoft\\Edge\\User Data\\Default\\Sync App Settings\\dcaajljecejllikfgbhjdgeognacjkkp\\LOG'},1216
b9d3920b-8d60-4650-a8e1-e1319686ddaf,{'file': 'C:\\Users\\victim\\AppData\\Local\\Microsoft\\Edge\\User Data\\Default\\Sync App Settings\\dcaajljecejllikfgbhjdgeognacjkkp\\MANIFEST-000001'},1217
416d13fc-4384-419c-81d8-c05d74d9c997,{'file': 'C:\\Users\\victim\\AppData\\Local\\Microsoft\\Edge\\User Data\\Default\\3caeca3f-597e-4b9e-8e46-3a5e93f4cee8.tmp'},1218
5f10adc6-8c83-4339-ba94-d2f0a25328c2,{'file': 'C:\\Users\\victim\\AppData\\Local\\Microsoft\\Edge\\User Data\\Default\\Extension Cookies-journal'},1219
49a00c48-d286-4022-8e8d-28b29a4a1cd1,{'file': 'C:\\Users\\victim\\AppData\\Local\\Microsoft\\Edge\\User Data\\Default\\Sync App Settings\\dcaajljecejllikfgbhjdgeognacjkkp\\000001.dbtmp'},1220
d9936942-c55b-40d0-a07d-f50b00e80a11,{'file': 'C:\\Users\\victim\\AppData\\Local\\Microsoft\\Edge\\User Data\\Default\\InterestGroups-wal'},1221
a6965796-d1d2-41c2-970a-2692ead29a43,{'file': 'C:\\Users\\victim\\AppData\\Local\\Microsoft\\Edge\\User Data\\Default\\Sync App Settings\\dcaajljecejllikfgbhjdgeognacjkkp\\CURRENT'},1222
918d1bec-dfd8-4c07-9b2c-6cca891e9af2,{'file': 'C:\\Users\\victim\\AppData\\Local\\Microsoft\\Edge\\User Data\\Default\\HubApps~RF17e733.TMP'},1223
97025e54-53d9-4280-8e6f-03137eae42d7,{'file': 'C:\\Users\\victim\\AppData\\Local\\Microsoft\\Edge\\User Data\\Default\\Sync App Settings\\dcaajljecejllikfgbhjdgeognacjkkp\\000003.log'},1224
a6796466-83ab-43d6-a90f-210504dadbd5,{'file': 'C:\\Users\\victim\\AppData\\Local\\Microsoft\\Edge\\User Data\\Default\\Sync App Settings\\dcaajljecejllikfgbhjdgeognacjkkp\\LOCK'},1225
68a94bcb-8058-4f70-a3be-9d81c1fca033,{'file': 'C:\\Users\\victim\\AppData\\Local\\Microsoft\\Edge\\User Data\\Default\\Sync App Settings\\dcaajljecejllikfgbhjdgeognacjkkp'},1226
d6182df8-d9b8-4835-85b4-94718e6b244d,{'file': 'C:\\Users\\victim\\AppData\\Local\\Microsoft\\Edge\\User Data\\Default\\Sync Extension Settings\\dcaajljecejllikfgbhjdgeognacjkkp\\LOG'},1227
ca116eb8-1f4a-4916-af45-9a02cdcd66a5,{'file': 'C:\\Users\\victim\\AppData\\Local\\Microsoft\\Edge\\User Data\\Default\\Sync Extension Settings\\dcaajljecejllikfgbhjdgeognacjkkp\\MANIFEST-000001'},1228
1fcc00fa-ff45-4061-a234-9d48ddeff1c9,{'file': 'C:\\Users\\victim\\AppData\\Local\\Microsoft\\Edge\\User Data\\Default\\Sync Extension Settings\\dcaajljecejllikfgbhjdgeognacjkkp\\000001.dbtmp'},1229
51da3455-58ae-45af-8aa1-e40cc23ad8ba,{'file': 'C:\\Users\\victim\\AppData\\Local\\Microsoft\\Edge\\User Data\\Default\\Sync Extension Settings\\dcaajljecejllikfgbhjdgeognacjkkp\\CURRENT'},1230
6fb0b343-6fa3-458c-a1bd-41f3c95f8fa8,{'file': 'C:\\Users\\victim\\AppData\\Local\\Microsoft\\Edge\\User Data\\Default\\Sync Extension Settings\\dcaajljecejllikfgbhjdgeognacjkkp\\000003.log'},1231
5e94f444-cf45-48d8-95cd-bdadaf56c704,{'file': 'C:\\Users\\victim\\AppData\\Local\\Microsoft\\Edge\\User Data\\Default\\Sync Extension Settings\\dcaajljecejllikfgbhjdgeognacjkkp\\LOCK'},1232
f99ad9f0-f410-427d-9092-e9f99befe1b4,{'file': 'C:\\Users\\victim\\AppData\\Local\\Microsoft\\Edge\\User Data\\Default\\Sync Extension Settings\\dcaajljecejllikfgbhjdgeognacjkkp'},1233
6e053750-9c6f-4331-93eb-28b5806e91c1,{'file': 'C:\\Users\\victim\\AppData\\Local\\Microsoft\\Edge\\User Data\\Default\\Extension Rules\\LOG.old'},1234
73ce2aed-312d-4298-a25f-ad934ae50fcb,{'file': 'C:\\Users\\victim\\AppData\\Local\\Microsoft\\Edge\\User Data\\Default\\Extension Rules\\LOG.old~RF17e743.TMP'},1235
067330c0-07d2-4f75-b81a-b1b56d02e1be,{'file': 'C:\\Users\\victim\\AppData\\Local\\Microsoft\\Edge\\User Data\\Default\\Extension Rules\\LOG'},1236
c106b069-8163-4fe1-ad06-2f41718ae16e,{'file': 'C:\\Users\\victim\\AppData\\Local\\Microsoft\\Edge\\User Data\\Default\\Extension Rules\\CURRENT'},1237
cad9039f-ef6c-445e-be15-4d9020d344eb,{'file': 'C:\\Users\\victim\\AppData\\Local\\Microsoft\\Edge\\User Data\\Default\\Extension Rules\\MANIFEST-000001'},1238
baede0b5-3a8c-4fe2-9391-197b337e2d1c,{'file': 'C:\\Users\\victim\\AppData\\Local\\Microsoft\\Edge\\User Data\\Default\\Extension Rules\\000003.log'},1239
5e063aeb-9c2f-4ce1-a664-5062bda71e99,{'file': 'C:\\Users\\victim\\AppData\\Local\\Microsoft\\Edge\\User Data\\Default\\Extension Scripts\\LOG.old'},1240
8c805974-93c6-426d-8078-4a515c7e9cbd,{'file': 'C:\\Users\\victim\\AppData\\Local\\Microsoft\\Edge\\User Data\\Default\\Extension Scripts\\LOG.old~RF17e743.TMP'},1241
1724a9ec-0342-40b0-8b3e-90b0feea348e,{'file': 'C:\\Users\\victim\\AppData\\Local\\Microsoft\\Edge\\User Data\\Default\\Extension Scripts\\LOG'},1242
112ef085-fbcc-4e94-a152-188e09e67948,{'file': 'C:\\Users\\victim\\AppData\\Local\\Microsoft\\Edge\\User Data\\Default\\Extension Scripts\\CURRENT'},1243
ab0cc66c-c178-4286-bb65-00d7d6b295e0,{'file': 'C:\\Users\\victim\\AppData\\Local\\Microsoft\\Edge\\User Data\\Default\\Extension Scripts\\MANIFEST-000001'},1244
ce35563b-1473-4d11-8476-1f656c64f779,{'file': 'C:\\Users\\victim\\AppData\\Local\\Microsoft\\Edge\\User Data\\Default\\Extension Scripts\\000003.log'},1245
d4e0b63a-40f9-4a88-a58b-cb9933100cfb,{'file': 'C:\\Users\\victim\\AppData\\Local\\Microsoft\\Edge\\User Data\\Default\\Cache\\Cache_Data\\f_0000a2'},1246
5f0dd6ee-6ca4-4abc-8992-989a754f9f49,{'netflow': '10.0.2.15:49612->52.178.17.234:47873'},1247
112513d8-5f9c-429b-9338-8fa7ee5b867b,{'file': 'C:\\Users\\victim\\AppData\\Local\\Microsoft\\Edge\\User Data\\Default\\Code Cache\\js\\493654dbfdeb7745_0'},1248
5c1b7851-7ee3-41cb-8b27-b3a6b86b8457,{'file': 'C:\\Users\\victim\\AppData\\Local\\Microsoft\\Edge\\User Data\\Default\\Cache\\Cache_Data\\f_0000a3'},1249
8cb18a6a-da74-48ce-8cbd-1640ace12600,{'file': 'C:\\Users\\victim\\AppData\\Local\\Microsoft\\Edge\\User Data\\Default\\Code Cache\\js\\115ee97e0a7c4802_0'},1250
ca80e1c0-6f5e-4d0e-b1b8-49e556c48e14,{'file': 'C:\\Users\\victim\\AppData\\Local\\Microsoft\\Edge\\User Data\\Default\\Code Cache\\js\\434ffe8fc63ca280_0'},1251
841d5d05-53e7-435d-8967-2124430d87a3,{'file': 'C:\\Users\\victim\\AppData\\Local\\Microsoft\\Edge\\User Data\\Default\\Cache\\Cache_Data\\f_000054'},1252
de127046-43cf-4bbb-bde3-89f9ea58d8c0,{'file': 'C:\\Users\\victim\\AppData\\Local\\Microsoft\\Edge\\User Data\\Default\\Cache\\Cache_Data\\f_0000a4'},1253
3c0e7fe8-31c8-42d6-aca2-a64f14b2db08,{'file': 'C:\\Users\\victim\\AppData\\Local\\Microsoft\\Edge\\User Data\\Default\\Cache\\Cache_Data\\f_0000a5'},1254
d7f8e3c0-3c8c-4ded-ad57-f602d01c888b,{'file': 'C:\\Users\\victim\\AppData\\Local\\Microsoft\\Edge\\User Data\\Default\\Code Cache\\js\\7ff60ea5cca53ce4_0'},1255
a3013f1e-7e97-4a28-be59-bc90969086b3,{'file': 'C:\\Users\\victim\\AppData\\Local\\Microsoft\\Edge\\User Data\\Default\\Cache\\Cache_Data\\f_0000a6'},1256
225e7a97-bc5c-4628-9b84-790133533540,{'file': 'C:\\Users\\victim\\AppData\\Local\\Microsoft\\Edge\\User Data\\Default\\Cache\\Cache_Data\\f_0000a7'},1257
a547db3c-7712-43a5-ab4b-f07a33ad731a,{'file': 'C:\\Users\\victim\\AppData\\Local\\Microsoft\\Edge\\User Data\\Default\\Cache\\Cache_Data\\f_0000a8'},1258
975811ef-3c60-4ac4-bb5f-54c4fc6ab86e,{'file': 'C:\\WINDOWS\\FONTS\\SEGOEUII.TTF'},1260
1b07ed88-cdb3-460a-8945-9cec49908dff,{'file': 'C:\\Users\\victim\\AppData\\Local\\Microsoft\\Edge\\User Data\\Default\\Shared Dictionary\\cache\\8013211cbe57f278_0'},1261
6a7bbed8-986e-44c3-abc0-556f505eb01f,{'netflow': '10.0.2.15:50124->52.178.17.234:47873'},1262
16e39a79-179a-40a1-9f4d-fef20d3d4084,{'file': 'C:\\Users\\victim\\AppData\\Local\\Microsoft\\Edge\\User Data\\Default\\Shared Dictionary\\db-journal'},1263
cb84632f-cafe-4061-acc7-72337eb26d6a,{'file': 'C:\\Users\\victim\\AppData\\Local\\Microsoft\\Edge\\User Data\\Default\\Sessions\\Session_13412833937437000'},1264
65e576e1-380b-4b4b-94cb-eac9df2e5179,{'file': 'C:\\Users\\victim\\AppData\\Local\\Microsoft\\Edge\\User Data\\Default\\Sessions\\Session_13412833060813434'},1265
ed39adc7-53a0-4c32-b000-74a720895899,{'file': 'C:\\Users\\victim\\AppData\\Local\\Microsoft\\Edge\\User Data\\Default\\Sessions\\Session_13417322525787567'},1266
b23318f2-6e07-40ea-b917-dee6653abbcd,{'file': 'C:\\Users\\victim\\AppData\\Local\\Microsoft\\Edge\\User Data\\Default\\Sessions\\Tabs_13417322525813348'},1267
aed7883d-f097-49fc-b3e8-a7eb30222fda,{'netflow': '192.168.56.102:50380->192.168.56.101:16415'},1268
0a501fa2-67d9-4ffd-8240-a10de5aee295,{'file': 'C:\\Users\\victim\\AppData\\Local\\Microsoft\\Edge\\User Data\\Default\\GPUCache\\index'},1269
46b82ce0-d8a4-429a-8371-ea1b33756fef,{'file': 'C:\\Users\\victim\\AppData\\Local\\Microsoft\\Edge\\User Data\\Default\\GPUCache\\data_0'},1270
2ab5ea67-ecf9-4cae-ae94-69d81b428f4d,{'file': 'C:\\Users\\victim\\AppData\\Local\\Microsoft\\Edge\\User Data\\Default\\GPUCache\\data_1'},1271
4e5c9227-b196-433f-9363-4712e859b394,{'file': 'C:\\Users\\victim\\AppData\\Local\\Microsoft\\Edge\\User Data\\Default\\GPUCache\\data_2'},1272
e813028c-4941-4c57-9e64-958664f69d2a,{'file': 'C:\\Users\\victim\\AppData\\Local\\Microsoft\\Edge\\User Data\\Default\\GPUCache\\data_3'},1273
1bd02677-c269-4e28-8f4f-941a5a9a91b6,{'file': 'C:\\Users\\victim\\AppData\\Local\\Microsoft\\Edge\\User Data\\Default\\DawnWebGPUCache\\index'},1274
a6b67f3c-23de-43c2-a8e7-f8c2c584d1fe,{'file': 'C:\\Users\\victim\\AppData\\Local\\Microsoft\\Edge\\User Data\\Default\\DawnWebGPUCache\\data_0'},1275
35cfb739-619d-403a-853a-80aff321c509,{'file': 'C:\\Users\\victim\\AppData\\Local\\Microsoft\\Edge\\User Data\\Default\\DawnWebGPUCache\\data_1'},1276
b93982c0-8556-4ea2-8cf0-df62992e4b60,{'file': 'C:\\Users\\victim\\AppData\\Local\\Microsoft\\Edge\\User Data\\Default\\DawnWebGPUCache\\data_2'},1277
807c8d3d-a508-4650-95dc-560970320374,{'file': 'C:\\Users\\victim\\AppData\\Local\\Microsoft\\Edge\\User Data\\Default\\DawnWebGPUCache\\data_3'},1278
860840ae-14da-4ffa-9279-891731f1f3b8,{'file': 'C:\\Users\\victim\\AppData\\Local\\Microsoft\\Edge\\User Data\\Default\\DawnGraphiteCache\\index'},1279
7ae25835-26e6-485c-86b4-0a9fc2119a07,{'file': 'C:\\Users\\victim\\AppData\\Local\\Microsoft\\Edge\\User Data\\Default\\DawnGraphiteCache\\data_0'},1280
80f6ebc4-935b-4243-b218-ba78993cb3e6,{'file': 'C:\\Users\\victim\\AppData\\Local\\Microsoft\\Edge\\User Data\\Default\\DawnGraphiteCache\\data_1'},1281
c5efd63f-ec6c-4477-9876-7a13e5416714,{'file': 'C:\\Users\\victim\\AppData\\Local\\Microsoft\\Edge\\User Data\\Default\\DawnGraphiteCache\\data_2'},1282
9e0c3db8-1188-4490-85ba-dcc97a217c6d,{'file': 'C:\\Users\\victim\\AppData\\Local\\Microsoft\\Edge\\User Data\\Default\\DawnGraphiteCache\\data_3'},1283
cbe5aaa0-06e1-4314-ac20-12ded09716a6,{'netflow': '192.168.56.102:50636->192.168.56.101:16415'},1286
a2097189-efb6-451d-8fd7-a6704e42031e,{'netflow': '192.168.56.102:50892->192.168.56.101:16415'},1287
949e1c8f-1416-4bf6-8be9-12e274ca4a3e,{'netflow': '10.0.2.15:51148->52.228.161.161:47873'},1288
f22285fc-cc55-4210-ab4e-7582467527d9,{'netflow': '10.0.2.15:51404->20.96.153.111:47873'},1289
0596cea8-bba2-4694-b714-9aa3d75e13f8,{'file': 'C:\\Users\\victim\\AppData\\Local\\Microsoft\\Edge\\User Data\\SmartScreen\\local\\uriCache_'},1290
0b168c1d-9fa9-4166-8c64-330ccd0b0056,{'file': 'C:\\Users\\victim\\AppData\\Local\\Microsoft\\Edge\\User Data\\SmartScreen\\local\\uriCache'},1291
cf5a5298-add8-4777-a47a-0bf49cea35a9,{'file': 'C:\\Users\\victim\\AppData\\Local\\Microsoft\\Edge\\User Data\\Default\\Shortcuts'},1292
33dcc8b8-372f-409b-97fc-1c509b16f8c9,{'file': 'C:\\Users\\victim\\AppData\\Local\\Microsoft\\Edge\\User Data\\Default\\ExtensionActivityEdge-journal'},1293
04ddf34b-8c55-4f8d-9505-b3d1539bc596,{'file': 'C:\\Program Files (x86)\\desktop.ini'},1294
3a52922b-3ad7-4fdd-bd84-b40951fb97db,{'file': 'C:\\Users\\victim\\AppData\\Local\\Microsoft\\Edge\\User Data\\Default\\Workspaces\\Logs\\Workspaces Internals Logs'},1295
f9546bdb-708a-464e-ad39-20066a565575,{'file': 'C:\\Users\\victim\\AppData\\Local\\Microsoft\\Edge\\User Data\\Default\\favorites_diagnostic.log'},1297
094d67fa-90d8-4b5d-bdff-85ae38237114,{'file': 'identity_helper.exe'},1299
671e90a1-de8c-435b-a6b6-644ae0fb3e39,{'file': 'C:\\Users\\victim\\AppData\\Local\\Microsoft\\Edge\\User Data\\Default\\Feature Engagement Tracker\\AvailabilityDB\\LOG.old'},1304
00c6e51e-64aa-4011-b2e4-db1e3970909c,{'file': 'C:\\Users\\victim\\AppData\\Local\\Microsoft\\Edge\\User Data\\Default\\Feature Engagement Tracker\\AvailabilityDB\\LOG.old~RF180589.TMP'},1305
acb78eba-ca12-43e6-a298-cbc8b0108b11,{'file': 'C:\\Users\\victim\\AppData\\Local\\Microsoft\\Edge\\User Data\\Default\\Feature Engagement Tracker\\AvailabilityDB\\LOG'},1306
2229be09-dbf9-4a1c-b890-5b7644212184,{'file': 'C:\\Users\\victim\\AppData\\Local\\Microsoft\\Edge\\User Data\\Default\\Feature Engagement Tracker\\EventDB\\LOG.old'},1307
268ba2de-546e-4f3b-8a4f-8bdd92b31af2,{'file': 'C:\\Users\\victim\\AppData\\Local\\Microsoft\\Edge\\User Data\\Default\\Feature Engagement Tracker\\EventDB\\LOG.old~RF180589.TMP'},1308
20296dfc-e32f-4359-b1ff-676e8d5a02cc,{'file': 'C:\\Users\\victim\\AppData\\Local\\Microsoft\\Edge\\User Data\\Default\\EdgeCoupons\\coupons_data.db\\000013.log'},1309
1f41cd7f-8667-433b-a073-3446d0349dfd,{'file': 'C:\\Users\\victim\\AppData\\Local\\Microsoft\\Edge\\User Data\\Default\\Feature Engagement Tracker\\EventDB\\LOG'},1310
6a75edae-3d3f-4805-99d1-ae83f51d205d,{'file': 'C:\\Users\\victim\\AppData\\Local\\Microsoft\\Edge\\User Data\\Default\\EdgeCoupons\\coupons_data.db\\000014.ldb'},1311
b37298f7-1238-49d1-a1b8-36b72c14ac47,{'file': 'C:\\Users\\victim\\AppData\\Local\\Microsoft\\Edge\\User Data\\Default\\EdgeCoupons\\coupons_data.db\\000010.log'},1312
f191c6df-4702-4c3b-9fd7-f03ac655e351,{'file': 'C:\\Users\\victim\\AppData\\Local\\Microsoft\\Edge\\User Data\\593a9d72-ad1f-4c54-9146-75a65c6b7c61.tmp'},1313
2bba2f2f-91fc-4865-b6e2-09e1b8272020,{'file': 'C:\\Users\\victim\\AppData\\Local\\Microsoft\\Edge\\User Data\\Local State~RF180c5f.TMP'},1314
d65097ba-46d2-44be-9f88-6ac5639e7f4f,{'file': 'C:\\Users\\victim\\AppData\\Local\\Microsoft\\Edge\\User Data\\Default\\bb1fd6e2-afaf-45e9-bc6a-826f2008d05c.tmp'},1315
8f8fe307-824b-45f2-b28b-9225119512eb,{'file': 'C:\\Users\\victim\\AppData\\Local\\Microsoft\\Edge\\User Data\\Default\\Preferences'},1316
2272cfec-d632-4f29-9e1a-a0ae814f1634,{'file': 'C:\\Users\\victim\\AppData\\Local\\Microsoft\\Edge\\User Data\\Default\\Preferences~RF180c7e.TMP'},1317
8af44816-d094-452d-a78d-4dbc40b93baf,{'netflow': '10.0.2.15:51660->13.69.239.73:47873'},1318
9bd6beb3-930a-4dfc-ae0c-865acd2ac2a4,{'file': 'C:\\Users\\victim\\AppData\\Local\\Microsoft\\Edge\\User Data\\Default\\a3942065-afd4-44c1-acea-c5ca1d3045ff.tmp'},1319
669f1e9b-59a1-4e15-b1b7-c971004362cf,{'file': 'C:\\Users\\victim\\AppData\\Local\\Microsoft\\Edge\\User Data\\Default\\Secure Preferences'},1320
2a308b8a-5585-4d72-a7bd-98a4abed5d0d,{'file': 'C:\\Users\\victim\\AppData\\Local\\Microsoft\\Edge\\User Data\\Default\\Secure Preferences~RF180e43.TMP'},1321
e28bdfe5-8b42-4972-9ea4-4f5be3900837,{'netflow': '192.168.56.102:51916->192.168.56.101:16415'},1323
e750c29f-d4eb-44ae-bfec-79002c56f836,{'netflow': '192.168.56.102:52172->192.168.56.101:16415'},1324
423ad8a4-0daf-461c-96ef-aa12e42c29e1,{'file': 'C:\\Users\\victim\\AppData\\Local\\Microsoft\\Edge\\User Data\\Default\\HubApps Icons-journal'},1325
23968242-e733-4864-ad05-e93df8886ae9,{'file': 'C:\\Users\\victim\\AppData\\Local\\IconCache.db'},1330
3e4973a7-a988-4040-8ce6-1d86d579a37a,{'file': 'C:\\Users\\victim\\AppData\\Local\\Microsoft\\Edge\\User Data\\Default\\Service Worker\\CacheStorage\\3cedfb74d44f2e84198d23075aef16c34a668ceb\\a0c213ce-e44a-4605-9d00-6541b4a2d1b9\\index-dir\\temp-index'},1331
d944ead2-7219-4774-87c6-4800f67649cc,{'file': 'C:\\Users\\victim\\AppData\\Local\\Microsoft\\Edge\\User Data\\Default\\Service Worker\\CacheStorage\\3cedfb74d44f2e84198d23075aef16c34a668ceb\\a0c213ce-e44a-4605-9d00-6541b4a2d1b9\\index-dir\\the-real-index~RF183505.TMP'},1332
37d4920f-252a-4067-8350-79bd0568e82f,{'file': 'C:\\Users\\victim\\AppData\\Local\\Microsoft\\Edge\\User Data\\Default\\Service Worker\\CacheStorage\\3cedfb74d44f2e84198d23075aef16c34a668ceb\\index.txt.tmp'},1333
492e79b7-89df-404c-8f32-519ef7541704,{'file': 'C:\\Users\\victim\\AppData\\Local\\Microsoft\\Edge\\User Data\\Default\\Service Worker\\CacheStorage\\3cedfb74d44f2e84198d23075aef16c34a668ceb\\index.txt'},1334
f21da4ca-cde4-4570-8b7e-3ac1d3f22ef8,{'file': 'C:\\Users\\victim\\AppData\\Local\\Microsoft\\Edge\\User Data\\Default\\Service Worker\\CacheStorage\\3cedfb74d44f2e84198d23075aef16c34a668ceb\\index.txt~RF183534.TMP'},1335
b4865a2a-1816-4085-a4fc-26abff1ae90c,{'file': 'C:\\Users\\victim\\AppData\\Local\\Microsoft\\Edge\\User Data\\Default\\Code Cache\\js\\index-dir\\temp-index'},1336
5abf2f60-d13b-4032-bde7-7a6b7f215f00,{'file': 'C:\\Users\\victim\\AppData\\Local\\Microsoft\\Edge\\User Data\\Default\\Code Cache\\js\\index-dir\\the-real-index'},1337
19206e78-e3c5-4143-94d3-86511ecc6810,{'file': 'C:\\Users\\victim\\AppData\\Local\\Microsoft\\Edge\\User Data\\Default\\Code Cache\\js\\index-dir\\the-real-index~RF18367c.TMP'},1338
1ab6837e-fcfe-4810-b1bb-03d69ddb0e7b,{'file': 'C:\\Users\\victim\\AppData\\Local\\Microsoft\\Edge\\User Data\\4240f113-8ec5-467f-99d5-2eda57bcba92.tmp'},1339
3a51e9c7-0fb5-4dac-9c45-bcaec3ee52f5,{'file': 'C:\\Users\\victim\\AppData\\Local\\Microsoft\\Edge\\User Data\\RevisitationBloomfilter'},1340
e24e6e05-13c0-4cc0-8ef7-dcbaaa34f954,{'file': 'C:\\Users\\victim\\AppData\\Local\\Microsoft\\Edge\\User Data\\RevisitationBloomfilter~RF1838ed.TMP'},1341
da053f9e-8065-4e1a-b776-2b94e614852a,{'netflow': '192.168.56.102:52428->192.168.56.101:16415'},1342
2092b463-132c-414b-8803-b8a4237777fe,{'netflow': '192.168.56.102:52684->192.168.56.101:16415'},1343
cdd2128e-4bc6-415d-893d-0b64b8a83fea,{'file': 'C:\\Users\\victim\\AppData\\Local\\Microsoft\\Edge\\User Data\\Default\\e87cbd41-d50c-4ce8-8a11-37c48420eadd.tmp'},1344
7453fb1e-bd85-441b-845f-64dc30e76b9a,{'file': 'C:\\Users\\victim\\AppData\\Local\\Microsoft\\Edge\\User Data\\Default\\Preferences~RF184c65.TMP'},1345
e0381694-372e-4911-a10f-69c6d2c195ba,{'netflow': '192.168.56.102:52940->192.168.56.101:16415'},1346
74860ee4-6bcd-4b69-af2d-228917a3a617,{'file': 'C:\\Users\\victim\\AppData\\Local\\Microsoft\\Edge\\User Data\\b2402e27-c510-495c-b673-3f83281940ae.tmp'},1347
7d0a4945-7bf8-46be-9452-43563b7e8127,{'file': 'C:\\Users\\victim\\AppData\\Local\\Microsoft\\Edge\\User Data\\Local State~RF185c54.TMP'},1348
9a706ddb-1063-4d09-9ec5-2f07d6af5e27,{'file': 'C:\\Users\\victim\\AppData\\Local\\Microsoft\\Edge\\User Data\\Default\\Cache\\Cache_Data\\f_0000a9'},1349
832bfeea-c77d-4703-a2a9-4cc9796219d4,{'file': 'C:\\Users\\victim\\Downloads\\ac9a8b04-550d-467d-a67e-87595b7cdcce.tmp'},1350
dea36080-bd44-4199-8a6b-65e11664ec38,{'file': 'C:\\Users\\victim\\AppData\\Local\\Microsoft\\Edge\\User Data\\SmartScreen\\local\\downloadCache'},1351
f09ba75e-4f0c-4fb4-8a85-a4ec21952457,{'file': 'C:\\Users\\victim\\AppData\\Local\\Microsoft\\Edge\\User Data\\SmartScreen\\local\\downloadCache_'},1352
3f4be3ce-bc59-40da-99ea-7df7ee271970,{'netflow': '10.0.2.15:53452->4.249.200.148:47873'},1353
288e169a-c905-47f4-ac4e-a2b186df566c,{'file': 'C:\\Users\\victim\\Downloads\\未确认 172669.crdownload'},1354
c379359e-5d73-4504-9cfe-2c48d03533ec,"{'subject': '""C:\\Windows\\system32\\SearchProtocolHost.exe"" Global\\UsGthrFltPipeMssGthrPipe11_ Global\\UsGthrCtrlFltPipeMssGthrPipe11 1 -2147483646 ""Software\\Microsoft\\Windows Search"" ""Mozilla/4.0 (compatible; MSIE 6.0; Windows NT; MS Search 4.0 Robot)"" ""C:\\ProgramData\\Microsoft\\Search\\Data\\Temp\\usgthrsvc"" ""DownLevelDaemon"" '}",1357
756f7ad0-ad99-4390-aab1-b852786be81d,{'netflow': '10.0.2.15:53708->20.25.227.174:47873'},1361
e42f7012-14e4-49bd-98c9-6cc12e794409,{'file': 'C:\\Users\\victim\\AppData\\Local\\Microsoft\\Edge\\User Data\\Default\\Collections\\collectionsSQLite'},1362
e0b429c9-c1ca-4e98-8deb-b314f66108bc,{'file': 'd:SmartScree'},1368
386b92cf-dae7-4f01-8304-b2c4e9a284c8,{'file': 'C:\\Users\\victim\\AppData\\Local\\Microsoft\\Edge\\User Data\\05a44dbb-e474-43d6-83a4-cad72af7939f.tmp'},1372
9706b292-d2d2-4f16-a567-8608264db28a,{'file': 'C:\\Users\\victim\\AppData\\Local\\Microsoft\\Edge\\User Data\\RevisitationBloomfilter~RF186750.TMP'},1373
5571eec4-a252-4b84-988b-32364547eb9e,{'file': 'C:\\Users\\victim\\Downloads\\AESTHETIC_PACKET.dll'},1375
3bc87361-daba-4c6d-a2f8-ab1aeaa1d560,{'file': 'C:\\Users\\victim\\AppData\\Local\\Microsoft\\Edge\\User Data\\Default\\5e1179b1-4790-408d-9fd9-1a577b9f69f5.tmp'},1378
e573e972-3967-4838-bde2-a16b84489b10,{'file': 'C:\\Users\\victim\\AppData\\Local\\Microsoft\\Edge\\User Data\\Default\\Preferences~RF187ab9.TMP'},1379
accc6e07-0c0b-4b6b-a87e-1de9b83fec74,{'file': 'C:\\Windows\\System32\\ieframe.dll'},1380
ea63a82e-befd-45db-b6ba-155ecfdaec75,{'file': 'C:\\Users\\victim\\AppData\\Roaming\\Microsoft\\Windows\\SendTo\\desktop.ini'},1381
70099115-9434-4730-a024-f29fb82ae8fa,{'file': 'C:\\Program Files\\Windows Defender\\EppManifest.dll'},1382
43480771-2609-43fa-b285-51736dd1a19d,{'file': 'C:\\Users\\victim\\3D Objects\\desktop.ini'},1383
dabaafbb-d70c-4c35-91eb-a8aa65b0b51c,{'file': 'C:\\Users\\victim\\AppData\\Local\\Microsoft\\Edge\\User Data\\014ace97-7be8-4210-b559-a6d0924ec463.tmp'},1384
46ea5d87-1e95-4793-93d8-43257cbf98eb,{'file': 'C:\\Users\\victim\\AppData\\Local\\Microsoft\\Edge\\User Data\\Local State~RF18915e.TMP'},1385
377f5e26-aac7-4fa6-ad28-f258768defa6,{'file': 'consent.exe'},1387
90ed9204-b194-44ea-addb-73916c1fdcf4,{'file': 'C:\\Windows\\System32\\consent.exe'},1388
f101a201-cddf-4d24-ae3d-ba124d826c65,{'file': 'C:\\Windows\\media\\Windows User Account Control.wav'},1390
ec475d21-c791-4a1c-b6ad-0a970c002aaf,{'file': 'C:\\Windows\\Fonts\\staticcache.dat'},1395
3fe37e2d-42d8-4896-bddd-56e7206690be,{'file': 'C:\\Windows\\Prefetch\\CONSENT.EXE-65F6206D.pf'},1398
6cb446d1-097a-413c-9448-fdd1a935dfab,{'file': 'Cmder.exe'},1400
5884653a-e93d-4568-b03d-23f6f26265fd,"{'subject': '/Icon ""C:\\Users\\victim\\Desktop\\cmder\\icons\\cmder.ico"" /title ""Cmder""'}",1408
a3c72170-5874-4361-9813-b75d1428ef5c,{'file': 'e:Zone.Identifie'},1411
0acc5a90-6c89-4eb7-8800-b11e2a5d06ad,{'file': 'C:\\Windows\\System32\\stdole2.tlb'},1413
793e4b29-6f35-41e4-a809-d3cc97bc55e9,{'file': 'C:\\Users\\victim\\AppData\\Local\\Microsoft\\Edge\\User Data\\Default\\Network Action Predictor-journal'},1417
976dc1f9-a642-4147-b66a-0dd68cee9219,"{'subject': '""C:\\Users\\victim\\Desktop\\cmder\\vendor\\conemu-maximus5\\ConEmu\\ConEmuC64.exe"" -download -async ""Y"" https://conemu.github.io/version.ini ""ConEmuVersion.ini""'}",1432
ce88e448-69dc-464c-b7fc-254fce7003a2,{'subject': '\\??\\C:\\Windows\\system32\\conhost.exe 0xffffffff -ForceV1'},1434
9e906d85-4286-4baf-a08a-27247ceed247,"{'subject': '""C:\\Users\\victim\\Desktop\\cmder\\vendor\\conemu-maximus5\\ConEmu\\ConEmuC64.exe""  /CINMODE=600020 /AID=2600 /GID=10724 /GHWND=00040626 /BW=230 /BH=53 /BZ=1000 ""/FN=Lucida Console"" /FW=3 /FH=5 /TA=10100007 /HIDE /ROOT cmd /k """"%ConEmuDir%\\..\\init.bat"" ""'}",1435
18e2abde-ac20-4b8e-a684-7feb8337c081,"{'subject': 'cmd /k """"C:\\Users\\victim\\Desktop\\cmder\\vendor\\conemu-maximus5\\..\\init.bat"" ""'}",1440
02523a28-c90d-4ce5-b9a4-1faf4a7a572a,{'file': 'cmd.exe'},1441
533d7dfe-496a-4729-9fba-6550263002e0,{'file': 'C:\\Windows\\System32\\cmd.exe'},1442
27e38337-b0bf-4244-8d6c-056b2526ff05,"{'subject': 'C:\\Windows\\system32\\cmd.exe  /S /D /c"" echo   ""'}",1451
cc06033f-d848-4c6c-8076-3fa768534573,"{'subject': 'C:\\Windows\\System32\\find  /i "" ""'}",1453
9a13a2a4-b8b6-47b2-a005-2e5bfe49a1f8,"{'subject': 'C:\\Windows\\system32\\cmd.exe /c type ""C:\\Users\\victim\\AppData\\Local\\Temp\\git_version.txt"" 2>nul'}",1496
99c03687-b2ef-4a72-93f3-68bd3ef3a4a8,{'subject': 'C:\\Windows\\system32\\cmd.exe /c where git.exe 2>nul'},1497
a15117f5-510c-422c-94e0-00693f9ff6b2,{'subject': 'where  git.exe '},1499
7a41f762-3de1-4a0b-8586-d4f10e11717c,"{'subject': 'C:\\Windows\\system32\\cmd.exe  /S /D /c"" dir ""C:\\Users\\victim\\Desktop\\cmder\\vendor\\git-for-windows\\cmd"" ""'}",1503
1acff794-1cb7-465a-84a9-c258820870d2,"{'subject': 'findstr  -i ""\\.COM \\.EXE \\.BAT \\.CMD \\.PS1 \\.VBS"" '}",1505
a79f8fc4-7be6-453b-8e7b-b7079b71f230,"{'subject': 'C:\\Windows\\system32\\cmd.exe  /S /D /c"" echo ""C:\\Users\\victim\\Desktop\\cmder\\vendor\\conemu-maximus5\\ConEmu\\Scripts;C:\\Users\\victim\\Desktop\\cmder\\vendor\\conemu-maximus5;C:\\Users\\victim\\Desktop\\cmder\\vendor\\conemu-maximus5\\ConEmu;C:\\Windows\\system32;C:\\Windows;C:\\Windows\\System32\\Wbem;C:\\Windows\\System32\\WindowsPowerShell\\v1.0\\;C:\\Windows\\System32\\OpenSSH\\;C:\\ProgramData\\chocolatey\\bin;C:\\Users\\victim\\AppData\\Local\\Microsoft\\WindowsApps""""'}",1508
c2cca638-c0d8-4a04-85bd-ea7c528ddf47,"{'subject': 'C:\\Windows\\system32\\cmd.exe  /S /D /c"" echo ""C:\\Users\\victim\\Desktop\\cmder\\vendor\\conemu-maximus5\\ConEmu\\Scripts;C:\\Users\\victim\\Desktop\\cmder\\vendor\\conemu-maximus5;C:\\Users\\victim\\Desktop\\cmder\\vendor\\conemu-maximus5\\ConEmu;C:\\Windows\\system32;C:\\Windows;C:\\Windows\\System32\\Wbem;C:\\Windows\\System32\\WindowsPowerShell\\v1.0\\;C:\\Windows\\System32\\OpenSSH\\;C:\\ProgramData\\chocolatey\\bin;C:\\Users\\victim\\AppData\\Local\\Microsoft\\WindowsApps""""'}",1510
2e06a281-86fb-42e3-ae83-7667a6b574a4,"{'subject': 'C:\\Windows\\system32\\cmd.exe  /S /D /c"" dir ""C:\\Users\\victim\\Desktop\\cmder\\vendor\\git-for-windows\\mingw64\\bin"" ""'}",1512
0c2170a2-5e6a-4030-984c-53d69d99f9a9,"{'subject': 'C:\\Windows\\system32\\cmd.exe  /S /D /c"" echo ""C:\\Users\\victim\\Desktop\\cmder\\vendor\\git-for-windows\\cmd;C:\\Users\\victim\\Desktop\\cmder\\vendor\\conemu-maximus5\\ConEmu\\Scripts;C:\\Users\\victim\\Desktop\\cmder\\vendor\\conemu-maximus5;C:\\Users\\victim\\Desktop\\cmder\\vendor\\conemu-maximus5\\ConEmu;C:\\Windows\\system32;C:\\Windows;C:\\Windows\\System32\\Wbem;C:\\Windows\\System32\\WindowsPowerShell\\v1.0\\;C:\\Windows\\System32\\OpenSSH\\;C:\\ProgramData\\chocolatey\\bin;C:\\Users\\victim\\AppData\\Local\\Microsoft\\WindowsApps""""'}",1515
1ccf28d1-4a32-481a-b45d-f40334bb5ca1,"{'subject': 'C:\\Windows\\system32\\cmd.exe  /S /D /c"" echo ""C:\\Users\\victim\\Desktop\\cmder\\vendor\\git-for-windows\\cmd;C:\\Users\\victim\\Desktop\\cmder\\vendor\\conemu-maximus5\\ConEmu\\Scripts;C:\\Users\\victim\\Desktop\\cmder\\vendor\\conemu-maximus5;C:\\Users\\victim\\Desktop\\cmder\\vendor\\conemu-maximus5\\ConEmu;C:\\Windows\\system32;C:\\Windows;C:\\Windows\\System32\\Wbem;C:\\Windows\\System32\\WindowsPowerShell\\v1.0\\;C:\\Windows\\System32\\OpenSSH\\;C:\\ProgramData\\chocolatey\\bin;C:\\Users\\victim\\AppData\\Local\\Microsoft\\WindowsApps""""'}",1518
c1073ccd-5662-43ab-8e71-55a5acda6871,"{'subject': 'C:\\Windows\\system32\\cmd.exe  /S /D /c"" dir ""C:\\Users\\victim\\Desktop\\cmder\\vendor\\git-for-windows\\usr\\bin"" ""'}",1520
c270f898-7d97-4fbe-b925-30a7f3d4c4ee,"{'subject': 'C:\\Windows\\system32\\cmd.exe  /S /D /c"" echo ""C:\\Users\\victim\\Desktop\\cmder\\vendor\\git-for-windows\\cmd;C:\\Users\\victim\\Desktop\\cmder\\vendor\\conemu-maximus5\\ConEmu\\Scripts;C:\\Users\\victim\\Desktop\\cmder\\vendor\\conemu-maximus5;C:\\Users\\victim\\Desktop\\cmder\\vendor\\conemu-maximus5\\ConEmu;C:\\Windows\\system32;C:\\Windows;C:\\Windows\\System32\\Wbem;C:\\Windows\\System32\\WindowsPowerShell\\v1.0\\;C:\\Windows\\System32\\OpenSSH\\;C:\\ProgramData\\chocolatey\\bin;C:\\Users\\victim\\AppData\\Local\\Microsoft\\WindowsApps;C:\\Users\\victim\\De'}",1522
00e98761-4a46-4904-be6b-ab2a31848d86,"{'subject': 'C:\\Windows\\system32\\cmd.exe  /S /D /c"" echo ""C:\\Users\\victim\\Desktop\\cmder\\vendor\\git-for-windows\\cmd;C:\\Users\\victim\\Desktop\\cmder\\vendor\\conemu-maximus5\\ConEmu\\Scripts;C:\\Users\\victim\\Desktop\\cmder\\vendor\\conemu-maximus5;C:\\Users\\victim\\Desktop\\cmder\\vendor\\conemu-maximus5\\ConEmu;C:\\Windows\\system32;C:\\Windows;C:\\Windows\\System32\\Wbem;C:\\Windows\\System32\\WindowsPowerShell\\v1.0\\;C:\\Windows\\System32\\OpenSSH\\;C:\\ProgramData\\chocolatey\\bin;C:\\Users\\victim\\AppData\\Local\\Microsoft\\WindowsApps;C:\\Users\\victim\\De'}",1524
34d1e506-15ce-434a-8783-d575bad9fcb7,"{'subject': 'C:\\Windows\\system32\\cmd.exe /c ""C:\\Users\\victim\\Desktop\\cmder\\vendor\\git-for-windows\\usr\\bin\\locale.exe"" -uU 2'}",1526
8e4e678b-19d6-4b53-8aa9-699365f88884,{'file': 'C:\\Users\\victim\\AppData\\Local\\Microsoft\\Edge\\User Data\\Default\\a7f4dd84-ef76-49d1-a6f2-87ef6e50d3de.tmp'},1533
3c270290-ada5-4bbe-b1f8-c4b4a8af8099,{'file': 'C:\\Users\\victim\\AppData\\Local\\Microsoft\\Edge\\User Data\\Default\\Preferences~RF18a275.TMP'},1534
1008fdeb-6b8f-4bde-b406-e41b98f96a31,"{'subject': 'C:\\Windows\\system32\\cmd.exe  /S /D /c"" dir ""C:\\Users\\victim\\Desktop\\cmder\\vendor\\bin"" ""'}",1536
aca08408-f192-4b27-86bf-e85af966dbf4,"{'subject': 'C:\\Windows\\system32\\cmd.exe  /S /D /c"" echo ""C:\\Users\\victim\\Desktop\\cmder\\vendor\\git-for-windows\\cmd;C:\\Users\\victim\\Desktop\\cmder\\vendor\\conemu-maximus5\\ConEmu\\Scripts;C:\\Users\\victim\\Desktop\\cmder\\vendor\\conemu-maximus5;C:\\Users\\victim\\Desktop\\cmder\\vendor\\conemu-maximus5\\ConEmu;C:\\Windows\\system32;C:\\Windows;C:\\Windows\\System32\\Wbem;C:\\Windows\\System32\\WindowsPowerShell\\v1.0\\;C:\\Windows\\System32\\OpenSSH\\;C:\\ProgramData\\chocolatey\\bin;C:\\Users\\victim\\AppData\\Local\\Microsoft\\WindowsApps;C:\\Users\\victim\\De'}",1538
7b4ba1e8-f48b-4df2-8096-9657b34d87ac,"{'subject': 'C:\\Windows\\system32\\cmd.exe  /S /D /c"" echo ""C:\\Users\\victim\\Desktop\\cmder\\vendor\\git-for-windows\\cmd;C:\\Users\\victim\\Desktop\\cmder\\vendor\\conemu-maximus5\\ConEmu\\Scripts;C:\\Users\\victim\\Desktop\\cmder\\vendor\\conemu-maximus5;C:\\Users\\victim\\Desktop\\cmder\\vendor\\conemu-maximus5\\ConEmu;C:\\Windows\\system32;C:\\Windows;C:\\Windows\\System32\\Wbem;C:\\Windows\\System32\\WindowsPowerShell\\v1.0\\;C:\\Windows\\System32\\OpenSSH\\;C:\\ProgramData\\chocolatey\\bin;C:\\Users\\victim\\AppData\\Local\\Microsoft\\WindowsApps;C:\\Users\\victim\\De'}",1540
ad7f6003-0e69-483d-90e0-708cf60b39cf,"{'subject': 'C:\\Windows\\system32\\cmd.exe  /S /D /c"" dir ""C:\\Users\\victim\\Desktop\\cmder\\bin""  2>NUL""'}",1542
2462ec88-4bf5-4a99-a4fe-63f57188d0b6,"{'subject': 'C:\\Windows\\system32\\cmd.exe  /S /D /c"" dir ""C:\\Users\\victim\\Desktop\\cmder"" ""'}",1547
ac940cb8-0423-4f92-b6ce-b612a79ded71,"{'subject': 'C:\\Windows\\system32\\cmd.exe  /S /D /c"" echo ""C:\\Users\\victim\\Desktop\\cmder\\vendor\\git-for-windows\\cmd;C:\\Users\\victim\\Desktop\\cmder\\vendor\\conemu-maximus5\\ConEmu\\Scripts;C:\\Users\\victim\\Desktop\\cmder\\vendor\\conemu-maximus5;C:\\Users\\victim\\Desktop\\cmder\\vendor\\conemu-maximus5\\ConEmu;C:\\Windows\\system32;C:\\Windows;C:\\Windows\\System32\\Wbem;C:\\Windows\\System32\\WindowsPowerShell\\v1.0\\;C:\\Windows\\System32\\OpenSSH\\;C:\\ProgramData\\chocolatey\\bin;C:\\Users\\victim\\AppData\\Local\\Microsoft\\WindowsApps;C:\\Users\\victim\\De'}",1549
f22b91bf-69d3-4df4-ae1f-c3b112008fd1,"{'subject': 'C:\\Windows\\system32\\cmd.exe  /S /D /c"" echo ""C:\\Users\\victim\\Desktop\\cmder\\vendor\\git-for-windows\\cmd;C:\\Users\\victim\\Desktop\\cmder\\vendor\\conemu-maximus5\\ConEmu\\Scripts;C:\\Users\\victim\\Desktop\\cmder\\vendor\\conemu-maximus5;C:\\Users\\victim\\Desktop\\cmder\\vendor\\conemu-maximus5\\ConEmu;C:\\Windows\\system32;C:\\Windows;C:\\Windows\\System32\\Wbem;C:\\Windows\\System32\\WindowsPowerShell\\v1.0\\;C:\\Windows\\System32\\OpenSSH\\;C:\\ProgramData\\chocolatey\\bin;C:\\Users\\victim\\AppData\\Local\\Microsoft\\WindowsApps;C:\\Users\\victim\\De'}",1551
80b8918a-68d4-4492-a41b-c4f8b4793348,{'subject': 'C:\\Windows\\system32\\cmd.exe /c dir /b *.bat *.cmd 2>nul'},1553
6fcbe843-c810-4ab4-bb48-f18fabdee7c4,"{'subject': 'C:\\Windows\\system32\\cmd.exe  /S /D /c"" type ""C:\\Users\\victim\\Desktop\\cmder\\config\\user_aliases.cmd"" ""'}",1555
ed481d2a-cef4-499c-b541-972af4333c30,"{'subject': 'C:\\Windows\\system32\\doskey  /listsize=1000 /macrofile=""C:\\Users\\victim\\Desktop\\cmder\\config\\user_aliases.cmd""'}",1559
a66439ac-e8bd-4c02-ba2c-669fa90af417,"{'subject': '""C:\\Users\\victim\\Desktop\\cmder\\vendor\\git-for-windows\\git-cmd.exe""  --no-needs-console --no-cd --command=post-install.bat'}",1563
8ae27dd3-d2e9-4a6b-ace3-016ee847d69d,{'subject': 'C:\\Windows\\system32\\cmd.exe /c post-install.bat'},1566
7cbab09c-9534-485b-b4e8-ffb82d2bd273,"{'subject': 'C:\\Windows\\system32\\cmd.exe /c ""VER""'}",1567
92a293f6-6d6e-40b7-a6cb-722cbb0d91f1,{'subject': 'C:\\Users\\victim\\Desktop\\cmder\\vendor\\git-for-windows\\usr\\bin\\rm.exe -rf /etc/post-install'},2053
7127f63f-7ccd-4311-92a6-f4dd7383b653,{'subject': 'C:\\Windows\\system32\\cmd.exe /c 2>nul git --no-optional-locks config --get-regexp alias'},2081
189a9f2b-81c5-4b86-ac92-8ea56b012eda,"{'subject': 'C:\\Windows\\system32\\cmd.exe /c 2>&1 ""C:\\Windows\\System32\\WindowsPowerShell\\v1.0\\powershell.exe"" -Command ""Get-Host'}",2100
c4aa2b0d-6628-4236-bb1d-82cbeb600a99,"{'subject': 'C:\\Windows\\system32\\cmd.exe /c 2>&1 ""C:\\Windows\\System32\\WindowsPowerShell\\v1.0\\powershell.exe"" -Command ""$ProgressPreference=\'SilentlyContinue\' ; [System.Net.ServicePointManager]::SecurityProtocol = [System.Net.SecurityProtocolType]::Tls12 ; Invoke-WebRequest -Headers @{\\""cache-control\\""=\\""no-cache\\""} -UseBasicParsing https://api.github.com/repos/chrisant996/clink/releases/latest'}",2159
9fe79857-5d56-4896-b491-80c3029202f0,{'file': 'C:\\Users\\victim\\AppData\\Local\\Microsoft\\Windows\\Caches\\{3DA71D5A-20CC-432F-A115-DFE92379E91F}.3.ver0x0000000000000015.db'},2164
cfaaa979-3e76-440a-b5ad-b6f531e77297,{'file': 'C:\\Users\\victim\\AppData\\Local\\Microsoft\\Windows\\Caches\\{3DA71D5A-20CC-432F-A115-DFE92379E91F}.3.ver0x0000000000000010.db'},2165
9d55bf0d-525f-4434-b35b-66c22be67597,{'file': 'C:\\Users\\victim\\AppData\\Local\\Microsoft\\Windows\\Caches\\{3DA71D5A-20CC-432F-A115-DFE92379E91F}.3.ver0x0000000000000014.db'},2166
48c32a8e-998a-4590-a8fb-4fc7b38650ef,"{'subject': 'C:\\Windows\\system32\\cmd.exe /c 2>&1 ""C:\\Windows\\System32\\WindowsPowerShell\\v1.0\\powershell.exe"" -Command ""$ProgressPreference=\'SilentlyContinue\' ; [System.Net.ServicePointManager]::SecurityProtocol = [System.Net.SecurityProtocolType]::Tls12 ; Invoke-WebRequest \'https://github.com/chrisant996/clink/releases/download/v1.9.17/clink.1.9.17.36e2ca.zip\' -OutFile \'C:\\Users\\victim\\AppData\\Local\\Temp\\clink\\updater\\v1.9.17.zip\'""'}",2186
6dd113f8-f249-4e03-a4f5-972be02c07fe,{'file': 'C:\\Windows\\Prefetch\\CMD.EXE-89305D47.pf'},2187
62ad3d2a-5588-48db-9b68-541b737c35d2,{'file': 'C:\\Windows\\system32\\regsvr32.exe'},2195
60c27527-60ef-4b32-9848-95031d7232d4,{'subject': 'regsvr32  C:\\Users\\victim\\Downloads\\AESTHETIC_PACKET.dll'},2196
c85821e9-61c8-46fd-81f2-047ddf3b6d0a,{'file': 'C:\\Windows\\System32\\regsvr32.exe'},2198
3c02884d-ebdd-4235-a0fd-64b2b9c3e08f,{'netflow': '192.168.56.102:56268->192.168.56.101:2586'},2199
ac032073-7a05-40cd-b5f5-f08e1a8d9719,{'file': 'C:\\Windows\\system32\\whoami.exe'},2204
325e00ca-aa79-43d7-9730-cca6d229c449,{'subject': 'whoami'},2205
e601dd55-52ee-461b-aab9-a58b11ea4247,{'file': 'whoami.exe'},2206
aca08971-7640-45af-888e-b7f66f454708,{'subject': '\\??\\C:\\Windows\\system32\\conhost.exe 0xffffffff -ForceV1'},2208
4536ca6f-3ba8-4ee5-bc86-10e666fe30e6,{'file': 'C:\\Users\\victim\\AppData\\Local\\Microsoft\\Edge\\User Data\\Default\\Network\\1e8693a2-a06f-4230-a9c6-5e128a8dc827.tmp'},2214
0d1dc5f3-50e9-4108-97cd-e8d411a43d38,{'file': 'C:\\Users\\victim\\AppData\\Local\\Microsoft\\Edge\\User Data\\Default\\Network\\Network Persistent State'},2215
14dc4f8b-8420-4463-90cb-9d0ecc3bfdad,{'file': 'C:\\Users\\victim\\AppData\\Local\\Microsoft\\Edge\\User Data\\Default\\Network\\Network Persistent State~RF18f75b.TMP'},2216
7b2c8996-4855-42d1-886d-9c25b92773dc,"{'subject': 'cmd.exe /c ""net user /domain""'}",2217
d8d97dac-407d-431b-af29-d31d25367e72,{'subject': '\\??\\C:\\Windows\\system32\\conhost.exe 0xffffffff -ForceV1'},2218
c17775c4-729d-40b5-a5d3-114a4b8b6345,{'file': 'C:\\Users\\victim\\AppData\\Roaming\\Microsoft\\Windows\\Start Menu\\Programs\\System Tools\\Command Prompt.lnk'},2219
b721728f-86c3-4652-9e2f-4fba758c56fb,"{'subject': 'cmd.exe /c ""net group /domain""'}",2231
8e92c2b2-99ef-4f38-8c42-0de281599a73,{'subject': '\\??\\C:\\Windows\\system32\\conhost.exe 0xffffffff -ForceV1'},2232
0d519839-7871-487b-aeea-726bd73262d8,{'file': 'C:\\Windows\\system32\\netprofm.dll'},2244
92753c51-902d-4c12-b1f7-890b71350357,{'file': 'C:\\Users\\victim\\AppData\\Local\\Microsoft\\Edge\\User Data\\Default\\3de5dfcc-d3cf-48bd-9bbf-84e6c1833a4c.tmp'},2264
5eeb15aa-cd0a-4f67-a281-a014c0de84b5,{'file': 'C:\\Users\\victim\\AppData\\Local\\Microsoft\\Edge\\User Data\\Default\\Preferences~RF19c385.TMP'},2265
a3f6e151-02f9-4619-abc8-5d387507f5eb,{'file': 'C:\\Users\\victim\\AppData\\Local\\Microsoft\\Edge\\User Data\\Default\\Network\\a17f6739-e355-4f7a-b291-af6eebe86376.tmp'},2266
4bd0ed2f-7462-4950-9e46-b7d593241113,{'file': 'C:\\Users\\victim\\AppData\\Local\\Microsoft\\Edge\\User Data\\Default\\Network\\Network Persistent State~RF19fe7a.TMP'},2267
71c7ea25-a87b-497d-9523-b5692ad23376,"{'subject': '""C:\\ProgramData\\Microsoft\\Windows Defender\\Platform\\4.18.26010.5-0\\MpCmdRun.exe"" SignatureUpdate -ScheduleJob -RestrictPrivileges'}",2270
c012b18a-0144-4d1a-94ec-8709ecf6b8ab,"{'subject': '""C:\\ProgramData\\Microsoft\\Windows Defender\\Platform\\4.18.26010.5-0\\MpCmdRun.exe"" Scan -ScheduleJob -RestrictPrivileges -ScanType 1 -ScanTrigger 59'}",2274
6dbec2d0-3ded-4055-9ae6-9f9c87af11b3,{'subject': '\\??\\C:\\Windows\\system32\\conhost.exe 0xffffffff -ForceV1'},2275
e2c3ac2e-70dc-4063-ab1d-c3d4ddf54e6c,{'subject': '\\??\\C:\\Windows\\system32\\conhost.exe 0xffffffff -ForceV1'},2276
99c5cf26-eef4-4835-a7b5-09138fba031b,"{'subject': '""C:\\ProgramData\\Microsoft\\Windows Defender\\Platform\\4.18.26010.5-0\\MpCmdRun.exe"" SignaturesUpdateService -ScheduleJob -UnmanagedUpdate'}",2282
a334e98d-c351-42bc-ac81-e4e0a851f6a3,{'subject': '\\??\\C:\\Windows\\system32\\conhost.exe 0xffffffff -ForceV1'},2283
7020c75d-eb26-462c-8e87-6da4fd5f22de,{'netflow': '10.0.2.15:57804->23.209.94.196:47873'},5197
21357fa5-98a1-4476-9d0e-36cbfff55d01,{'file': 'C:\\Users\\victim\\AppData\\Local\\Microsoft\\Windows\\INetCache\\IE\\6DNTYFPY\\Rain.rb[1].svg'},5198
3edb6792-af1c-4c4e-8e9a-383f58e35e9e,{'file': 'C:\\Users\\victim\\AppData\\Local\\Microsoft\\Edge\\User Data\\Default\\Network\\0dd290b0-635d-4a0d-a0d5-69f80be668e6.tmp'},7057
f1100e99-44cf-4cd7-9f93-6543878a9dff,{'file': 'C:\\Users\\victim\\AppData\\Local\\Microsoft\\Edge\\User Data\\Default\\Network\\Network Persistent State~RF1b2641.TMP'},7058
22bf7043-4ff1-43ed-9b72-da4817325187,"{'subject': '""C:\\Windows\\system32\\dmclient.exe"" utcwnf'}",9562
1e7116b0-950b-4b4a-b28b-7cbdac853504,{'subject': '\\??\\C:\\Windows\\system32\\conhost.exe 0xffffffff -ForceV1'},9567
9e6ed762-436b-4906-ac7c-b4dda521c294,{'netflow': '10.0.2.15:58316->23.209.94.196:47873'},9871
2cd37f9c-f24c-4c60-9084-7cf0f516db79,{'file': 'C:\\Users\\victim\\AppData\\Local\\Microsoft\\Windows\\INetCache\\IE\\69CDNZW2\\eventbrief[1].svg'},9874
ceba88bb-1f57-4e66-9f94-66cc275fbea2,{'file': 'C:\\Users\\victim\\AppData\\Local\\Microsoft\\Edge\\User Data\\Default\\DashTrackerDatabase'},10099
dc53f261-5c73-4097-9e78-157b33687379,{'file': 'C:\\Users\\victim\\AppData\\Local\\Microsoft\\Edge\\User Data\\Default\\DashTrackerDatabase-journal'},10100
9aabad8c-5f6f-4c14-b62d-7a8960fe96e4,{'file': 'C:\\Users\\victim\\AppData\\Local\\Microsoft\\Edge\\User Data\\Default\\95b7238b-8606-4f13-bee5-ac53fa1d6961.tmp'},10102
36c45d61-67a2-468e-8c6a-90b464595acd,{'file': 'C:\\Users\\victim\\AppData\\Local\\Microsoft\\Edge\\User Data\\Default\\Preferences~RF1ca06e.TMP'},10103
abe9dfda-0bcf-4178-b2b2-59d70ebfa8ad,"{'subject': '""C:\\Windows\\Microsoft.NET\\Framework64\\v4.0.30319\\NGenTask.exe"" /RuntimeWide /Critical /StopEvent:992'}",10287
8670a62f-9b9e-4eb0-9004-c1a2f23b58df,"{'subject': '""C:\\Windows\\Microsoft.NET\\Framework\\v4.0.30319\\NGenTask.exe"" /RuntimeWide /Critical /StopEvent:532'}",10308
2e568b0d-607b-4f7d-91cc-08bd7e37bdf0,{'subject': '\\??\\C:\\Windows\\system32\\conhost.exe 0xffffffff -ForceV1'},10369
0d3f74d6-e7a1-4173-9594-befe1b9006cd,{'subject': '\\??\\C:\\Windows\\system32\\conhost.exe 0xffffffff -ForceV1'},10405
d519c54c-a55f-4b59-83bb-7b7c5561a3ea,"{'subject': '""C:\\Windows\\system32\\defrag.exe"" -p 650 -s 00000000000002F4 -b -OnlyPreferred C:'}",10520
fb0a5587-6f05-404f-92a5-521d63a7ecd0,{'subject': '\\??\\C:\\Windows\\system32\\conhost.exe 0xffffffff -ForceV1'},10527
cc5d8631-4105-4950-834d-c39eda79dbda,{'subject': 'C:\\Windows\\TEMP\\0303150F-9EA6-46F6-9618-FBF60A6DEA96\\dismhost.exe {14A8CBCA-EF5C-43A0-A41F-23515B82CE72}'},11028
b1943c0f-5745-433f-bc72-f6804c4fd990,"{'subject': '""C:\\Windows\\system32\\sc.exe"" start w32time task_started'}",11042
4735f9f2-9851-4d74-bd4d-cd292140fba5,{'subject': '\\??\\C:\\Windows\\system32\\conhost.exe 0xffffffff -ForceV1'},11048
dfde99ed-fa3f-412a-bcf7-7e9b65c47212,"{'subject': '""C:\\Windows\\system32\\lpremove.exe""'}",11061
1d994159-3cc7-4965-bebf-a1509f1b3e4d,"{'subject': '""C:\\Windows\\system32\\compattelrunner.exe"" -maintenance'}",11069
4e9f3cab-fe10-4b8f-a16d-17e3640bcc4d,"{'subject': '""C:\\Windows\\system32\\dmclient.exe""'}",11072
066268f6-c573-43ba-9733-a0c98dfcca6b,{'subject': '\\??\\C:\\Windows\\system32\\conhost.exe 0xffffffff -ForceV1'},11074
742b15ef-f1d6-4ee9-8047-28c09ecc1153,"{'subject': '""C:\\Windows\\system32\\tzsync.exe""'}",11083
b238ea7a-138d-470c-8629-5ffc4f2cfc1d,"{'subject': '""C:\\Windows\\system32\\disksnapshot.exe"" -z'}",11089
a8678022-ff90-462c-b76d-2f9866aed35b,"{'subject': '""C:\\Windows\\system32\\dstokenclean.exe""'}",11099
450291dd-9794-422e-b699-3c8862ce7953,"{'subject': '""C:\\Windows\\system32\\defrag.exe"" -c -h -o -$'}",11103
8d361850-3134-4f26-8ddf-1b13001f6fd4,"{'subject': '""C:\\Windows\\system32\\cleanmgr.exe"" /autoclean /d C:'}",11113
cfda302f-8034-475a-a407-b81206baa295,{'subject': '\\??\\C:\\Windows\\system32\\conhost.exe 0xffffffff -ForceV1'},11115
94a33c8d-bfa7-4ba5-853a-6bccd96ae64a,{'subject': '\\??\\C:\\Windows\\system32\\conhost.exe 0xffffffff -ForceV1'},11117
167d563a-6a8e-4733-9aa1-f86311118eb1,"{'subject': '""C:\\Windows\\system32\\UCPDMgr.exe""'}",11121
91d9114e-2c88-43b3-8d22-4afd9143ad2e,{'subject': '\\??\\C:\\Windows\\system32\\conhost.exe 0xffffffff -ForceV1'},11123
020ccd15-25e3-482f-8539-dc692258dc64,"{'subject': '""C:\\ProgramData\\Microsoft\\Windows Defender\\Platform\\4.18.26010.5-0\\MpCmdRun.exe"" -IdleTask -TaskName WdVerification'}",11124
c87888e1-8217-4103-b67a-239f4af3f6ce,"{'subject': '""C:\\ProgramData\\Microsoft\\Windows Defender\\Platform\\4.18.26010.5-0\\MpCmdRun.exe"" -IdleTask -TaskName WdCacheMaintenance'}",11125
bcd5d926-d18c-4a0a-a5bc-85efedc3c003,"{'subject': '""C:\\ProgramData\\Microsoft\\Windows Defender\\Platform\\4.18.26010.5-0\\MpCmdRun.exe"" -IdleTask -TaskName WdCleanup'}",11127
c9918dba-09b8-4e13-9e20-5f5025ccebaf,"{'subject': '""C:\\ProgramData\\Microsoft\\Windows Defender\\Platform\\4.18.26010.5-0\\MpCmdRun.exe"" Scan -ScheduleJob -ScanTrigger 55 -IdleScheduledJob'}",11128
a9ea4946-a871-4842-942f-10ac633aaeb3,{'subject': '\\??\\C:\\Windows\\system32\\conhost.exe 0xffffffff -ForceV1'},11132
bc841f0b-ea75-44e2-9f1d-ef144a85593f,{'subject': '\\??\\C:\\Windows\\system32\\conhost.exe 0xffffffff -ForceV1'},11133
e4525166-0d7d-4679-91e9-79f93d42355f,{'subject': 'C:\\Windows\\System32\\sdiagnhost.exe -Embedding'},11138
1101e0d8-ef1b-40f4-8409-fa5e6d54b62b,{'subject': '\\??\\C:\\Windows\\system32\\conhost.exe 0xffffffff -ForceV1'},11140
b0767514-f7d9-4fad-ac6b-847c8fd2074c,{'subject': '\\??\\C:\\Windows\\system32\\conhost.exe 0xffffffff -ForceV1'},11143
b37bbda9-6591-4b35-82ba-a7503708ca4e,{'subject': '\\??\\C:\\Windows\\system32\\conhost.exe 0xffffffff -ForceV1'},11171
0a313570-829e-4e44-8f1b-080d23df0c5b,{'subject': '\\??\\C:\\Windows\\system32\\conhost.exe 0xffffffff -ForceV1'},11173
edf90d44-51d0-4c88-9021-fb04d959e156,{'subject': '\\??\\C:\\Windows\\system32\\conhost.exe 0xffffffff -ForceV1'},11210
4859cbeb-fd03-4ada-b2a6-5266ff15de67,{'subject': '\\??\\C:\\Windows\\system32\\conhost.exe 0xffffffff -ForceV1'},11220
c5012ed3-41e4-462e-8c7e-34161553d3ee,{'subject': '\\??\\C:\\Windows\\system32\\conhost.exe 0xffffffff -ForceV1'},11248
ecc56784-7fe0-45e6-ba4a-edb5d99fbd86,{'subject': 'C:\\Windows\\system32\\svchost.exe -k netsvcs -p -s wlidsvc'},11270
bd5f1b84-974a-49a0-84c1-d6d55d7c7659,"{'subject': '""C:\\Windows\\Microsoft.NET\\Framework\\v4.0.30319\\NGenTask.exe"" /RuntimeWide /StopEvent:1276'}",11306
f778a9e7-03de-4da1-baeb-64ad827a41c7,"{'subject': '""C:\\Windows\\Microsoft.NET\\Framework64\\v4.0.30319\\NGenTask.exe"" /RuntimeWide /StopEvent:868'}",11367
94693c30-ccac-4ae2-bc80-2ac1231024fd,{'subject': '\\??\\C:\\Windows\\system32\\conhost.exe 0xffffffff -ForceV1'},11372
bd9707f8-a269-473a-a288-63e3da40995d,{'netflow': '10.0.2.15:61644->23.209.94.196:47873'},11472
fcbff72b-82fe-4d42-9cd5-d0fac67330ed,{'file': 'C:\\Users\\victim\\AppData\\Local\\Microsoft\\Windows\\INetCache\\IE\\CY46PLUZ\\recordhigh[1].svg'},11473
f880700d-20e7-40db-8c2a-e21c5eeb8608,{'subject': '\\??\\C:\\Windows\\system32\\conhost.exe 0xffffffff -ForceV1'},11474
74e293f7-53d0-426e-bbad-47df39892561,{'subject': 'C:\\Windows\\system32\\mcbuilder.exe -s'},11493
6edc09e1-be1a-4a06-be55-d686831360c1,{'subject': '\\??\\C:\\Windows\\system32\\conhost.exe 0xffffffff -ForceV1'},11497
e8a7f4a2-03a0-4922-baad-173dd57d606d,{'file': 'C:\\Windows\\Globalization\\Time Zone\\timezones.xml'},11762
efa0bc1b-face-4353-a376-07c9ef3d2b38,{'file': 'C:\\Users\\victim\\AppData\\Local\\Packages\\Microsoft.Windows.Search_cw5n1h2txyewy\\LocalState\\ShellFeeds\\IDX_CONTENT_TASKBARHEADLINES.json'},21866
60223517-9442-49e9-a231-fc67a4ea3f8f,{'file': 'C:\\Users\\victim\\AppData\\Local\\Microsoft\\Windows\\INetCache\\IE\\69CDNZW2\\TB_W06_Cloudy_04[1].svg'},23129
302d1ab7-0768-48cf-a114-2abae7babeed,{'file': 'C:\\Users\\victim\\AppData\\Local\\Microsoft\\Windows\\INetCache\\IE\\DLVWNFMQ\\TB_W06_Cloudy_01[1].svg'},23130
5781058c-f8fe-4f84-bb67-c5ae0c1dca6f,{'file': 'C:\\Users\\victim\\AppData\\Local\\Microsoft\\Windows\\INetCache\\IE\\6DNTYFPY\\TB_W06_Cloudy_02[1].svg'},23131
208c042e-8a59-43e6-8ddf-ec9902a38bd0,{'file': 'C:\\Users\\victim\\AppData\\Local\\Microsoft\\Windows\\INetCache\\IE\\DLVWNFMQ\\TB_W06_Cloudy_08[1].svg'},23133
28930ece-7feb-4990-ba52-29b96b4a10f5,{'file': 'C:\\Users\\victim\\AppData\\Local\\Microsoft\\Windows\\INetCache\\IE\\DLVWNFMQ\\TB_W06_Cloudy_05[1].svg'},23134
7bfcc8f1-9060-462c-bdfe-0c835231c0eb,{'file': 'C:\\Users\\victim\\AppData\\Local\\Microsoft\\Windows\\INetCache\\IE\\CY46PLUZ\\TB_W06_Cloudy_07[1].svg'},23135
46cacf31-344e-4755-94b5-50d00f2354ea,{'file': 'C:\\Users\\victim\\AppData\\Local\\Microsoft\\Windows\\INetCache\\IE\\CY46PLUZ\\TB_W06_Cloudy_03[1].svg'},23136
741c42dd-701a-46ca-bf04-04dea44d3aec,{'file': 'C:\\Users\\victim\\AppData\\Local\\Microsoft\\Windows\\INetCache\\IE\\6DNTYFPY\\TB_W06_Cloudy_06[1].svg'},23137
b7579630-aa3a-435d-bd85-081855c52623,{'file': 'C:\\Users\\victim\\AppData\\Local\\Microsoft\\Windows\\INetCache\\IE\\6DNTYFPY\\WI10_TempsBreakRecordHigh_02[1].svg'},23139
cf383ced-171c-4d9f-a93b-d6e0e1100fe3,{'file': 'C:\\Users\\victim\\AppData\\Local\\Microsoft\\Windows\\INetCache\\IE\\DLVWNFMQ\\WI10_TempsBreakRecordHigh_01[1].svg'},23140
c5ca1aac-0ce4-4179-96f2-5a8fe295009b,{'file': 'C:\\Users\\victim\\AppData\\Local\\Microsoft\\Windows\\INetCache\\IE\\CY46PLUZ\\WI10_TempsBreakRecordHigh_03[1].svg'},23141
7145954f-95f2-4a6f-8f35-0edb3cdf7e82,{'file': 'C:\\Users\\victim\\AppData\\Local\\Microsoft\\Windows\\INetCache\\IE\\6DNTYFPY\\WI10_TempsBreakRecordHigh_05[1].svg'},23142
36019c09-1fe9-40b9-9cb5-023b55de2d1e,{'file': 'C:\\Users\\victim\\AppData\\Local\\Microsoft\\Windows\\INetCache\\IE\\69CDNZW2\\WI10_TempsBreakRecordHigh_04[1].svg'},23143
9b636b29-1fc3-4ae2-8e1b-d0f2eb8163a4,{'file': 'C:\\Users\\victim\\AppData\\Local\\Microsoft\\Windows\\INetCache\\IE\\CY46PLUZ\\TB_W06_Cloudy_09[1].svg'},23144
2098f0a2-7f01-4a89-80b5-7075c818a5f3,{'file': 'C:\\Users\\victim\\AppData\\Local\\Microsoft\\Windows\\INetCache\\IE\\6DNTYFPY\\WI10_TempsBreakRecordHigh_08[1].svg'},23146
ca070122-dbc8-4f4f-a665-46856e6a6846,{'file': 'C:\\Users\\victim\\AppData\\Local\\Microsoft\\Windows\\INetCache\\IE\\69CDNZW2\\WI10_TempsBreakRecordHigh_06[1].svg'},23147
7c36bd61-bda2-424b-a323-13f17b0c1fb9,{'file': 'C:\\Users\\victim\\AppData\\Local\\Microsoft\\Windows\\INetCache\\IE\\CY46PLUZ\\WI10_TempsBreakRecordHigh_10[1].svg'},23148
2bbe3645-df53-4a42-bc94-12ea8efa7680,{'file': 'C:\\Users\\victim\\AppData\\Local\\Microsoft\\Windows\\INetCache\\IE\\69CDNZW2\\WI10_TempsBreakRecordHigh_11[1].svg'},23149
04924346-3ab8-412d-acbf-704a0f0530ac,{'file': 'C:\\Users\\victim\\AppData\\Local\\Microsoft\\Windows\\INetCache\\IE\\CY46PLUZ\\WI10_TempsBreakRecordHigh_07[1].svg'},23150
e4c24318-42d0-4161-927c-7a93c79d7005,{'file': 'C:\\Users\\victim\\AppData\\Local\\Microsoft\\Windows\\INetCache\\IE\\6DNTYFPY\\WI10_TempsBreakRecordHigh_09[1].svg'},23151
7d13e055-633f-4342-a670-9069a8a7423c,{'file': 'C:\\Users\\victim\\AppData\\Local\\Microsoft\\Windows\\INetCache\\IE\\DLVWNFMQ\\WI10_TempsBreakRecordHigh_13[1].svg'},23152
86bd1c11-eb06-4058-a94a-a93fbb4138a1,{'file': 'C:\\Users\\victim\\AppData\\Local\\Microsoft\\Windows\\INetCache\\IE\\CY46PLUZ\\WI10_TempsBreakRecordHigh_14[1].svg'},23153
d8e0bb87-7722-44e1-a866-599d62d3ecac,{'file': 'C:\\Users\\victim\\AppData\\Local\\Microsoft\\Windows\\INetCache\\IE\\69CDNZW2\\WI10_TempsBreakRecordHigh_15[1].svg'},23154
b2b7b803-0a22-4779-9ea5-df7715d89b30,{'file': 'C:\\Users\\victim\\AppData\\Local\\Microsoft\\Windows\\INetCache\\IE\\6DNTYFPY\\TB_W06_Cloudy_10[1].svg'},23156
6a711143-35a7-4ac9-9c74-5094d9ea4819,{'file': 'C:\\Users\\victim\\AppData\\Local\\Microsoft\\Windows\\INetCache\\IE\\DLVWNFMQ\\WI10_TempsBreakRecordHigh_12[1].svg'},23158
16077684-590d-488b-9a4a-c3d009c08954,{'file': 'C:\\Users\\victim\\AppData\\Local\\Microsoft\\Windows\\INetCache\\IE\\69CDNZW2\\TB_W06_Cloudy_12[1].svg'},23159
aa3236e8-2f27-4ef9-9b09-9be4acdb789f,{'file': 'C:\\Users\\victim\\AppData\\Local\\Microsoft\\Windows\\INetCache\\IE\\DLVWNFMQ\\TB_W06_Cloudy_11[1].svg'},23160
7dfe9187-7c0b-4118-8191-b306bdb1c73f,{'file': 'C:\\Users\\victim\\AppData\\Local\\Microsoft\\Windows\\INetCache\\IE\\CY46PLUZ\\WI10_TempsBreakRecordHigh_16[1].svg'},23161
b56c32aa-b560-4aa9-981f-b2ad73183ee7,{'file': 'C:\\Users\\victim\\AppData\\Local\\Microsoft\\Windows\\INetCache\\IE\\CY46PLUZ\\TB_W06_Cloudy_13[1].svg'},23164
9e002340-78b2-4afd-a088-bdf0997b0604,{'file': 'C:\\Users\\victim\\AppData\\Local\\Microsoft\\Windows\\INetCache\\IE\\DLVWNFMQ\\WI10_TempsBreakRecordHigh_17[1].svg'},23165
d98ac42e-5f7d-4980-b05e-0dd8e22528a6,{'file': 'C:\\Users\\victim\\AppData\\Local\\Microsoft\\Windows\\INetCache\\IE\\6DNTYFPY\\WI10_TempsBreakRecordHigh_18[1].svg'},23166
0f971cc1-de73-4600-89b4-5dbeb78eb372,{'file': 'C:\\Users\\victim\\AppData\\Local\\Microsoft\\Windows\\INetCache\\IE\\6DNTYFPY\\WI10_TempsBreakRecordHigh_20[1].svg'},23167
ce9c4d0e-f4de-43ff-8c82-25a46bbcc6db,{'file': 'C:\\Users\\victim\\AppData\\Local\\Microsoft\\Windows\\INetCache\\IE\\CY46PLUZ\\WI10_TempsBreakRecordHigh_21[1].svg'},23168
291b315a-546d-426f-94a5-a85bba2722e6,{'file': 'C:\\Users\\victim\\AppData\\Local\\Microsoft\\Windows\\INetCache\\IE\\6DNTYFPY\\WI10_TempsBreakRecordHigh_24[1].svg'},23169
cac504fe-2ffe-4177-b1c3-b831bb315d8f,{'file': 'C:\\Users\\victim\\AppData\\Local\\Microsoft\\Windows\\INetCache\\IE\\DLVWNFMQ\\WI10_TempsBreakRecordHigh_23[1].svg'},23170
3f250967-5ef7-4930-b303-c036e8a2114d,{'file': 'C:\\Users\\victim\\AppData\\Local\\Microsoft\\Windows\\INetCache\\IE\\69CDNZW2\\WI10_TempsBreakRecordHigh_22[1].svg'},23171
26c04600-3891-464a-8aae-d64e23645ef7,{'file': 'C:\\Users\\victim\\AppData\\Local\\Microsoft\\Windows\\INetCache\\IE\\69CDNZW2\\WI10_TempsBreakRecordHigh_26[1].svg'},23172
e408729e-9bd0-4d53-a5b9-8303e3ab4a3e,{'file': 'C:\\Users\\victim\\AppData\\Local\\Microsoft\\Windows\\INetCache\\IE\\69CDNZW2\\WI10_TempsBreakRecordHigh_19[1].svg'},23173
02ca28b2-34d8-415d-9e9e-a311409eabb4,{'file': 'C:\\Users\\victim\\AppData\\Local\\Microsoft\\Windows\\INetCache\\IE\\CY46PLUZ\\WI10_TempsBreakRecordHigh_27[1].svg'},23174
fec93416-24f9-40bf-a7cc-1157c6c1bbb9,{'file': 'C:\\Users\\victim\\AppData\\Local\\Microsoft\\Windows\\INetCache\\IE\\6DNTYFPY\\WI10_TempsBreakRecordHigh_25[1].svg'},23175
5d4e17f7-cd09-4699-bea1-676cf482e4c1,{'file': 'C:\\Users\\victim\\AppData\\Local\\Microsoft\\Windows\\INetCache\\IE\\CY46PLUZ\\WI10_TempsBreakRecordHigh_30[1].svg'},23176
96cea90c-c5fe-4e23-8eeb-1a516d610d1b,{'file': 'C:\\Users\\victim\\AppData\\Local\\Microsoft\\Windows\\INetCache\\IE\\DLVWNFMQ\\WI10_TempsBreakRecordHigh_31[1].svg'},23177
fab664b6-30cd-44f9-a043-4b8ec3ba0280,{'file': 'C:\\Users\\victim\\AppData\\Local\\Microsoft\\Windows\\INetCache\\IE\\DLVWNFMQ\\WI10_TempsBreakRecordHigh_32[1].svg'},23178
413a0cbd-a442-4a84-8b7b-73225beddcec,{'file': 'C:\\Users\\victim\\AppData\\Local\\Microsoft\\Windows\\INetCache\\IE\\6DNTYFPY\\WI10_TempsBreakRecordHigh_33[1].svg'},23179
730be2d0-7f69-4fb0-8b3a-93d50798fc7e,{'file': 'C:\\Users\\victim\\AppData\\Local\\Microsoft\\Windows\\INetCache\\IE\\DLVWNFMQ\\WI10_TempsBreakRecordHigh_28[1].svg'},23180
5c4821e5-685f-4991-8ffe-66b466782ec4,{'file': 'C:\\Users\\victim\\AppData\\Local\\Microsoft\\Windows\\INetCache\\IE\\69CDNZW2\\WI10_TempsBreakRecordHigh_29[1].svg'},23181
1bf3f6e0-c360-4115-9fe8-2da7bcb7b009,{'file': 'C:\\Users\\victim\\AppData\\Local\\Microsoft\\Windows\\INetCache\\IE\\CY46PLUZ\\TB_W06_Cloudy_14[1].svg'},23182
f935b89f-7d71-4f4d-b2ee-ae3278c8f6e7,{'file': 'C:\\Users\\victim\\AppData\\Local\\Microsoft\\Windows\\INetCache\\IE\\CY46PLUZ\\WI10_TempsBreakRecordHigh_39[1].svg'},23183
5b01132c-51bb-44da-8730-b90762d32f1e,{'file': 'C:\\Users\\victim\\AppData\\Local\\Microsoft\\Windows\\INetCache\\IE\\6DNTYFPY\\WI10_TempsBreakRecordHigh_34[1].svg'},23184
8e7dec3d-9700-45ea-a3d3-80816936f214,{'file': 'C:\\Users\\victim\\AppData\\Local\\Microsoft\\Windows\\INetCache\\IE\\69CDNZW2\\WI10_TempsBreakRecordHigh_36[1].svg'},23185
48793693-5d82-44d3-b19f-da05f69a1885,{'file': 'C:\\Users\\victim\\AppData\\Local\\Microsoft\\Windows\\INetCache\\IE\\CY46PLUZ\\WI10_TempsBreakRecordHigh_35[1].svg'},23186
465fbac1-5fa0-40af-b42e-4414b7905fa8,{'file': 'C:\\Users\\victim\\AppData\\Local\\Microsoft\\Windows\\INetCache\\IE\\69CDNZW2\\WI10_TempsBreakRecordHigh_37[1].svg'},23189
f10d46b8-a00e-43dc-827e-510b226d13e1,{'file': 'C:\\Users\\victim\\AppData\\Local\\Microsoft\\Windows\\INetCache\\IE\\6DNTYFPY\\TB_W06_Cloudy_15[1].svg'},23190
6240e336-0f20-4c8f-93f6-80e2374c6297,{'file': 'C:\\Users\\victim\\AppData\\Local\\Microsoft\\Windows\\INetCache\\IE\\CY46PLUZ\\WI10_TempsBreakRecordHigh_38[1].svg'},23191
9c4501fa-6a4f-42ca-99d2-319f96e3fbda,{'file': 'C:\\Users\\victim\\AppData\\Local\\Microsoft\\Windows\\INetCache\\IE\\DLVWNFMQ\\TB_W06_Cloudy_16[1].svg'},23192
3e1fdf7b-1629-4228-ad59-8468c918f80a,{'file': 'C:\\Users\\victim\\AppData\\Local\\Microsoft\\Windows\\INetCache\\IE\\CY46PLUZ\\WI20_TempsaDropTomorrow_01[1].svg'},23193
d84d3392-9b69-468c-a6e9-394af3fd9d5f,{'file': 'C:\\Users\\victim\\AppData\\Local\\Microsoft\\Windows\\INetCache\\IE\\69CDNZW2\\WI20_TempsaDropTomorrow_02[1].svg'},23194
9ea35b54-8aeb-42e7-ae80-dc90b0a632ce,{'file': 'C:\\Users\\victim\\AppData\\Local\\Microsoft\\Windows\\INetCache\\IE\\CY46PLUZ\\WI20_TempsaDropTomorrow_04[1].svg'},23195
478b4b80-d5ee-47c3-83af-ee17eeac95c6,{'file': 'C:\\Users\\victim\\AppData\\Local\\Microsoft\\Windows\\INetCache\\IE\\6DNTYFPY\\WI20_TempsaDropTomorrow_05[1].svg'},23196
38ed86f6-c15d-4fb7-80be-13af05dc9195,{'file': 'C:\\Users\\victim\\AppData\\Local\\Microsoft\\Windows\\INetCache\\IE\\69CDNZW2\\WI20_TempsaDropTomorrow_07[1].svg'},23197
55d50312-062d-4cb9-9361-ca2277cde273,{'file': 'C:\\Users\\victim\\AppData\\Local\\Microsoft\\Windows\\INetCache\\IE\\DLVWNFMQ\\WI20_TempsaDropTomorrow_06[1].svg'},23198
cf566a86-b2dc-4fee-9150-e1ab213752e7,{'file': 'C:\\Users\\victim\\AppData\\Local\\Microsoft\\Windows\\INetCache\\IE\\CY46PLUZ\\WI20_TempsaDropTomorrow_03[1].svg'},23199
d27f1331-5f5a-430d-a468-9d8048399d97,{'file': 'C:\\Users\\victim\\AppData\\Local\\Microsoft\\Windows\\INetCache\\IE\\DLVWNFMQ\\WI20_TempsaDropTomorrow_09[1].svg'},23200
e3484e4f-668f-4ca1-bd2b-8ad2f53dccf9,{'file': 'C:\\Users\\victim\\AppData\\Local\\Microsoft\\Windows\\INetCache\\IE\\6DNTYFPY\\WI20_TempsaDropTomorrow_08[1].svg'},23201
0a7f30d8-8586-4659-8f2a-05d22d1a4371,{'file': 'C:\\Users\\victim\\AppData\\Local\\Microsoft\\Windows\\INetCache\\IE\\DLVWNFMQ\\WI20_TempsaDropTomorrow_12[1].svg'},23202
f86d0f82-17f1-4f6b-9414-d2cfadafe9e8,{'file': 'C:\\Users\\victim\\AppData\\Local\\Microsoft\\Windows\\INetCache\\IE\\69CDNZW2\\WI20_TempsaDropTomorrow_10[1].svg'},23203
6ce1207d-5b69-46af-9500-3b0b88469409,{'file': 'C:\\Users\\victim\\AppData\\Local\\Microsoft\\Windows\\INetCache\\IE\\6DNTYFPY\\WI20_TempsaDropTomorrow_13[1].svg'},23204
1c582270-0214-4f92-ae06-ee45ab51cf7c,{'file': 'C:\\Users\\victim\\AppData\\Local\\Microsoft\\Windows\\INetCache\\IE\\CY46PLUZ\\WI20_TempsaDropTomorrow_11[1].svg'},23205
1ff95cf5-29d7-49dc-ae4f-7afc89a690f2,{'file': 'C:\\Users\\victim\\AppData\\Local\\Microsoft\\Windows\\INetCache\\IE\\DLVWNFMQ\\WI10_TempsBreakRecordHigh_40[1].svg'},23206
e9a3bf37-f4f1-46f6-8cfe-c4b595f8967c,{'file': 'C:\\Users\\victim\\AppData\\Local\\Microsoft\\Windows\\INetCache\\IE\\69CDNZW2\\WI20_TempsaDropTomorrow_14[1].svg'},23207
9255a286-8267-46ff-8ab4-7a3ee4563134,{'file': 'C:\\Users\\victim\\AppData\\Local\\Microsoft\\Windows\\INetCache\\IE\\DLVWNFMQ\\WI20_TempsaDropTomorrow_15[1].svg'},23208
486ad2e7-5de8-4a17-88ad-86ce10738eab,{'file': 'C:\\Users\\victim\\AppData\\Local\\Microsoft\\Windows\\INetCache\\IE\\CY46PLUZ\\WI20_TempsaDropTomorrow_17[1].svg'},23209
ba56734e-dcd6-40b0-9970-93ab7702c8bf,{'file': 'C:\\Users\\victim\\AppData\\Local\\Microsoft\\Windows\\INetCache\\IE\\69CDNZW2\\WI20_TempsaDropTomorrow_16[1].svg'},23210
1650d357-1fda-441f-8500-7ede0826c2f0,{'file': 'C:\\Users\\victim\\AppData\\Local\\Microsoft\\Windows\\INetCache\\IE\\CY46PLUZ\\WI20_TempsaDropTomorrow_20[1].svg'},23211
3deadc6c-d752-43fc-836d-2382e1703738,{'file': 'C:\\Users\\victim\\AppData\\Local\\Microsoft\\Windows\\INetCache\\IE\\CY46PLUZ\\WI20_TempsaDropTomorrow_19[1].svg'},23212
c525e0e9-e9b2-438e-be19-5ac4979118fb,{'file': 'C:\\Users\\victim\\AppData\\Local\\Microsoft\\Windows\\INetCache\\IE\\DLVWNFMQ\\WI20_TempsaDropTomorrow_21[1].svg'},23213
cbe05f10-29b7-4cd5-b0cb-2faaef48d273,{'file': 'C:\\Users\\victim\\AppData\\Local\\Microsoft\\Windows\\INetCache\\IE\\6DNTYFPY\\WI20_TempsaDropTomorrow_22[1].svg'},23214
5341eeab-b504-4004-bfc5-d60bbb4c1b01,{'file': 'C:\\Users\\victim\\AppData\\Local\\Microsoft\\Windows\\INetCache\\IE\\CY46PLUZ\\TB_W06_Cloudy_17[1].svg'},23215
48af91f1-b649-4d22-b0b4-538f8347f222,{'file': 'C:\\Users\\victim\\AppData\\Local\\Microsoft\\Windows\\INetCache\\IE\\DLVWNFMQ\\WI20_TempsaDropTomorrow_23[2].svg'},23216
78c77be1-faea-465d-a870-947144604350,{'file': 'C:\\Users\\victim\\AppData\\Local\\Microsoft\\Windows\\INetCache\\IE\\6DNTYFPY\\WI20_TempsaDropTomorrow_26[1].svg'},23217
9bce8147-a8f9-4bce-898e-69f5a7041eba,{'file': 'C:\\Users\\victim\\AppData\\Local\\Microsoft\\Windows\\INetCache\\IE\\69CDNZW2\\WI20_TempsaDropTomorrow_25[1].svg'},23218
9af378ce-eda3-47e1-beb1-69fb1be1dc53,{'file': 'C:\\Users\\victim\\AppData\\Local\\Microsoft\\Windows\\INetCache\\IE\\6DNTYFPY\\WI20_TempsaDropTomorrow_28[1].svg'},23219
31819443-2715-4512-98b9-e1448d437fe3,{'file': 'C:\\Users\\victim\\AppData\\Local\\Microsoft\\Windows\\INetCache\\IE\\CY46PLUZ\\WI20_TempsaDropTomorrow_32[1].svg'},23220
f3a748e1-cdc4-4b0f-ad4c-9c571d96bcbe,{'file': 'C:\\Users\\victim\\AppData\\Local\\Microsoft\\Windows\\INetCache\\IE\\DLVWNFMQ\\WI20_TempsaDropTomorrow_31[1].svg'},23221
9ee7837e-3106-4a61-84b4-80f2ec3ff01f,{'file': 'C:\\Users\\victim\\AppData\\Local\\Microsoft\\Windows\\INetCache\\IE\\69CDNZW2\\WI20_TempsaDropTomorrow_30[1].svg'},23222
d86692a9-2098-4c37-a70c-57dc8e0767ec,{'file': 'C:\\Users\\victim\\AppData\\Local\\Microsoft\\Windows\\INetCache\\IE\\69CDNZW2\\WI20_TempsaDropTomorrow_33[2].svg'},23223
65cb719e-f83f-4df4-9fe8-9d9dc86968bf,{'file': 'C:\\Users\\victim\\AppData\\Local\\Microsoft\\Windows\\INetCache\\IE\\69CDNZW2\\WI20_TempsaDropTomorrow_34[1].svg'},23224
06a2be7c-b905-4060-842d-2d4487ae545b,{'file': 'C:\\Users\\victim\\AppData\\Local\\Microsoft\\Windows\\INetCache\\IE\\6DNTYFPY\\WI20_TempsaDropTomorrow_24[1].svg'},23225
a35a8993-1c34-4817-ab49-de0c5dd182d9,{'file': 'C:\\Users\\victim\\AppData\\Local\\Microsoft\\Windows\\INetCache\\IE\\DLVWNFMQ\\WI20_TempsaDropTomorrow_39[1].svg'},23226
59974535-d78d-4acf-8f49-5c0410e2e438,{'file': 'C:\\Users\\victim\\AppData\\Local\\Microsoft\\Windows\\INetCache\\IE\\6DNTYFPY\\WI20_TempsaDropTomorrow_37[1].svg'},23227
abd217a7-0233-4a31-95f7-a20feced7ffe,{'file': 'C:\\Users\\victim\\AppData\\Local\\Microsoft\\Windows\\INetCache\\IE\\6DNTYFPY\\WI20_TempsaDropTomorrow_18[1].svg'},23228
efd0df37-c32d-42aa-a5a1-9989a34e3285,{'file': 'C:\\Users\\victim\\AppData\\Local\\Microsoft\\Windows\\INetCache\\IE\\CY46PLUZ\\WI20_TempsaDropTomorrow_35[1].svg'},23229
5bf7bc05-bcfe-4bab-9220-527b5ad489a7,{'file': 'C:\\Users\\victim\\AppData\\Local\\Microsoft\\Windows\\INetCache\\IE\\69CDNZW2\\WI20_TempsaDropTomorrow_29[1].svg'},23230
95fa037a-55ca-4a5d-aaab-b16f43543e39,{'file': 'C:\\Users\\victim\\AppData\\Local\\Microsoft\\Windows\\INetCache\\IE\\DLVWNFMQ\\WI20_TempsaDropTomorrow_36[1].svg'},23231
3051aed2-3278-46b1-9af3-b5c38146ac41,{'file': 'C:\\Users\\victim\\AppData\\Local\\Microsoft\\Windows\\INetCache\\IE\\DLVWNFMQ\\WI20_TempsaDropTomorrow_27[1].svg'},23232
f2f5dd98-b83b-4904-be58-81e335eacad8,{'file': 'C:\\Users\\victim\\AppData\\Local\\Microsoft\\Windows\\INetCache\\IE\\6DNTYFPY\\WI20_TempsaDropTomorrow_40[1].svg'},23233
f3a15276-02cd-495a-b02e-035f30c295c0,{'file': 'C:\\Users\\victim\\AppData\\Local\\Microsoft\\Windows\\INetCache\\IE\\CY46PLUZ\\WI20_TempsaDropTomorrow_38[1].svg'},23234
ca3d76af-283d-4999-8f47-80b6b423e440,{'file': 'C:\\Users\\victim\\AppData\\Local\\Microsoft\\Windows\\INetCache\\IE\\69CDNZW2\\TB_W06_Cloudy_19[1].svg'},23235
b076e9f2-af65-43dc-ab70-79116ba530d8,{'file': 'C:\\Users\\victim\\AppData\\Local\\Microsoft\\Windows\\INetCache\\IE\\DLVWNFMQ\\TB_W06_Cloudy_18[1].svg'},23236
1656ced3-bbc3-434b-ba95-d092d517d0ff,{'file': 'C:\\Users\\victim\\AppData\\Local\\Microsoft\\Windows\\INetCache\\IE\\6DNTYFPY\\TB_W06_Cloudy_20[1].svg'},23237
eb604f31-dc5b-4df1-8819-686f2c8b72f7,{'file': 'C:\\Users\\victim\\AppData\\Local\\Microsoft\\Windows\\INetCache\\IE\\6DNTYFPY\\TB_W06_Cloudy_22[1].svg'},23238
63263593-b31a-4bef-9126-698e7097ec60,{'file': 'C:\\Users\\victim\\AppData\\Local\\Microsoft\\Windows\\INetCache\\IE\\69CDNZW2\\TB_W06_Cloudy_23[1].svg'},23239
c3504875-f4ed-4565-a489-822c0693ba06,{'file': 'C:\\Users\\victim\\AppData\\Local\\Microsoft\\Windows\\INetCache\\IE\\CY46PLUZ\\TB_W06_Cloudy_29[1].svg'},23240
13e3ec02-bfbb-4e42-9fa7-884291896d4e,{'file': 'C:\\Users\\victim\\AppData\\Local\\Microsoft\\Windows\\INetCache\\IE\\6DNTYFPY\\TB_W06_Cloudy_25[1].svg'},23241
a899f746-d0d1-4861-aaab-0ca1282b57d9,{'file': 'C:\\Users\\victim\\AppData\\Local\\Microsoft\\Windows\\INetCache\\IE\\69CDNZW2\\TB_W06_Cloudy_26[1].svg'},23242
1febca0b-3fe5-4953-9e80-3a270258d7f5,{'file': 'C:\\Users\\victim\\AppData\\Local\\Microsoft\\Windows\\INetCache\\IE\\69CDNZW2\\TB_W06_Cloudy_24[1].svg'},23243
4d93c40d-53a3-4432-9a06-c17954acc2c9,{'file': 'C:\\Users\\victim\\AppData\\Local\\Microsoft\\Windows\\INetCache\\IE\\DLVWNFMQ\\TB_W06_Cloudy_28[1].svg'},23244
f1c76ebc-5f4e-49a4-9cbe-3d10646040ad,{'file': 'C:\\Users\\victim\\AppData\\Local\\Microsoft\\Windows\\INetCache\\IE\\69CDNZW2\\TB_W06_Cloudy_31[1].svg'},23245
6560b397-0957-4354-b218-d0312445ce51,{'file': 'C:\\Users\\victim\\AppData\\Local\\Microsoft\\Windows\\INetCache\\IE\\69CDNZW2\\TB_W06_Cloudy_21[1].svg'},23246
4ea3e2a2-52ff-489d-9496-2eacdcb49250,{'file': 'C:\\Users\\victim\\AppData\\Local\\Microsoft\\Windows\\INetCache\\IE\\6DNTYFPY\\TB_W06_Cloudy_30[1].svg'},23247
1c4c693e-617d-47dd-9531-a7fb84dc3da7,{'file': 'C:\\Users\\victim\\AppData\\Local\\Microsoft\\Windows\\INetCache\\IE\\6DNTYFPY\\TB_W06_Cloudy_33[1].svg'},23248
4e50dc37-6d86-4196-82dc-342c430e3f44,{'file': 'C:\\Users\\victim\\AppData\\Local\\Microsoft\\Windows\\INetCache\\IE\\DLVWNFMQ\\TB_W06_Cloudy_36[1].svg'},23249
95c1e047-8797-4d04-af38-f063108629a6,{'file': 'C:\\Users\\victim\\AppData\\Local\\Microsoft\\Windows\\INetCache\\IE\\6DNTYFPY\\TB_W06_Cloudy_37[1].svg'},23250
c0b85c4b-e79b-4bde-a4f4-f952ff190247,{'file': 'C:\\Users\\victim\\AppData\\Local\\Microsoft\\Windows\\INetCache\\IE\\69CDNZW2\\TB_W06_Cloudy_38[1].svg'},23251
ebeb19d3-d971-4ae4-a552-04d97fb641a4,{'file': 'C:\\Users\\victim\\AppData\\Local\\Microsoft\\Windows\\INetCache\\IE\\DLVWNFMQ\\TB_W06_Cloudy_32[1].svg'},23252
92bb8618-ea3b-4a14-acd7-8f410b113172,{'file': 'C:\\Users\\victim\\AppData\\Local\\Microsoft\\Windows\\INetCache\\IE\\CY46PLUZ\\TB_W06_Cloudy_27[1].svg'},23253
3871570a-7d25-408d-954a-e231e21279f0,{'file': 'C:\\Users\\victim\\AppData\\Local\\Microsoft\\Windows\\INetCache\\IE\\69CDNZW2\\TB_W06_Cloudy_34[1].svg'},23254
51aa85e5-051f-40ab-b5c1-1df0602924ef,{'file': 'C:\\Users\\victim\\AppData\\Local\\Microsoft\\Windows\\INetCache\\IE\\CY46PLUZ\\TB_W06_Cloudy_35[1].svg'},23255
abd93be6-28a2-440a-a3c6-8b1822019749,{'file': 'C:\\Users\\victim\\AppData\\Local\\Microsoft\\Windows\\INetCache\\IE\\CY46PLUZ\\TB_W06_Cloudy_40[1].svg'},23259
c3743a0b-2056-4de6-93eb-4d2d23439b15,{'file': 'C:\\Users\\victim\\AppData\\Local\\Microsoft\\Windows\\INetCache\\IE\\CY46PLUZ\\TB_W06_Cloudy_39[1].svg'},23260
881eb6a5-b3d7-4c11-b62c-68d87ccc8d44,{'file': 'C:\\Users\\victim\\AppData\\Local\\Microsoft\\Windows\\INetCache\\IE\\DLVWNFMQ\\AAehyQC[1].svg'},23425
d5e220e5-5fcd-4232-b6c8-f1420a43b2ff,{'file': 'C:\\Users\\victim\\AppData\\Local\\Microsoft\\Edge\\User Data\\Default\\120af6e5-6719-42f1-99ad-652ee49db3b6.tmp'},25975
175fe3ae-2542-44cb-967b-71177ff208eb,{'file': 'C:\\Users\\victim\\AppData\\Local\\Microsoft\\Edge\\User Data\\Default\\Preferences~RF1d50a3.TMP'},25976
3847c860-396f-4657-b53d-409b1ec20c41,{'file': 'C:\\Users\\victim\\AppData\\Local\\Microsoft\\Edge\\User Data\\Default\\Network\\7e27ea1e-e1da-4de9-a45a-e4049b04faec.tmp'},33170
912f5905-36c6-4feb-bc43-950762333ffe,{'file': 'C:\\Users\\victim\\AppData\\Local\\Microsoft\\Edge\\User Data\\Default\\Network\\Network Persistent State~RF1da318.TMP'},33171
991e47d3-d9c8-4eef-b4e2-4d02f94ec338,"{'subject': '""C:\\Program Files\\WindowsApps\\microsoft.windowscommunicationsapps_16005.14326.22342.0_x64__8wekyb3d8bbwe\\HxTsr.exe"" -ServerName:Hx.IPC.Server'}",33281
a1b37547-60f1-45c6-a241-e3dea5c98900,{'file': 'C:\\ProgramData\\Microsoft\\Windows\\AppRepository\\Packages\\Microsoft.Windows.SecHealthUI_10.0.19041.4239_neutral__cw5n1h2txyewy\\S-1-5-21-3344029263-1063349748-2086425053-1000.pckgdep'},33284
01d21786-e320-4a78-8bf6-b90816fd1ca1,{'file': 'C:\\Windows\\SYSTEM32\\ploptin.dll'},33285
f6d0b41b-b9ca-4bad-8b48-e0884d1b9036,{'file': 'C:\\ProgramData\\Microsoft\\Windows\\AppRepository\\Packages\\Microsoft.XboxGamingOverlay_7.325.11061.0_x64__8wekyb3d8bbwe\\S-1-5-21-3344029263-1063349748-2086425053-1000.pckgdep'},33286
e3ca39e3-4ae8-4110-8d9a-b9cbe5a5dd79,{'file': 'C:\\Users\\victim\\AppData\\Local\\Microsoft\\Windows\\Explorer\\thumbcache_16.db'},43597
16d528be-5a52-472d-9893-b1473dbe2b96,{'file': 'C:\\Program Files\\desktop.ini'},43629
c8bb80c3-1572-4226-8aab-7250ba9a9ce3,{'file': 'C:\\users\\victim\\appdata\\local\\microsoft\\edge\\user data\\default\\edge profile.ico'},43642
0f086f53-a44c-4432-9da2-c74c83d72f2a,{'subject': 'C:\\Windows\\System32\\vds.exe'},46545
2d1682d4-d1ba-4094-a9ef-0387103cbabb,{'subject': 'C:\\Windows\\TEMP\\79298B87-9214-4757-970B-C68CD08CBC2F\\dismhost.exe {1DB3B930-602D-445C-8505-8835EE761445}'},46565
7cdd361b-3566-451d-a1d5-5fdb0ec1f18f,{'netflow': '10.0.2.15:14541->13.89.178.26:47873'},50693
8f8daa25-b4b1-4e01-9ffe-5d9b74a31624,{'netflow': '192.168.56.102:14797->192.168.56.101:16415'},50694
9aebbdfd-4b99-40f2-9632-49d254004428,{'netflow': '192.168.56.102:15053->192.168.56.101:16415'},50695
fa6427ae-452f-48e1-a520-53494724a0ca,{'netflow': '192.168.56.102:15309->192.168.56.101:16415'},50696
9c3bec44-f655-4835-957a-652ca94987eb,{'file': 'C:\\Users\\victim\\AppData\\Local\\Microsoft\\Edge\\User Data\\Default\\Shortcuts-journal'},50697
2d575ac3-7261-4bf2-b495-85e2ebe69560,{'file': 'C:\\Users\\victim\\AppData\\Local\\Microsoft\\Edge\\User Data\\Default\\Cache\\Cache_Data\\f_0000aa'},50698
9aa183b4-a3c1-4cce-b56e-af290a6c1431,{'file': 'C:\\Users\\victim\\Downloads\\a4838eb3-4c4b-4311-bf13-a881c4548106.tmp'},50699
eb604f70-7965-4f3c-9c2c-0d8de80c6332,{'file': 'C:\\Users\\victim\\Downloads\\未确认 530533.crdownload'},50700
f4b87a40-342d-4348-819e-4224dc4e143f,{'netflow': '10.0.2.15:15565->65.52.241.40:47873'},50702
4c233568-ec57-4eb2-a8a4-3ead0ddb1d28,{'file': 'C:\\Users\\victim\\Downloads\\VITAL_SQUASH.exe'},50706
0b8f1243-d46a-486e-b4c3-bbde15723f20,{'file': 'C:\\Users\\victim\\AppData\\Local\\Microsoft\\Edge\\User Data\\Default\\773c6c3f-e91d-42ec-b9af-0e00341291be.tmp'},50707
e7cedf6c-57f6-4f55-819e-cda05f8dbea4,{'file': 'C:\\Users\\victim\\AppData\\Local\\Microsoft\\Edge\\User Data\\Default\\Preferences~RF1ec3cb.TMP'},50708
936c44d2-350a-4ebb-a2fb-42aa686cc829,{'file': 'C:\\Users\\victim\\AppData\\Local\\Microsoft\\Edge\\User Data\\c4e0f044-99d2-4e38-9478-e5836ff06d68.tmp'},50709
db445262-3467-45aa-a6f3-bf26d58b8bce,{'file': 'C:\\Users\\victim\\AppData\\Local\\Microsoft\\Edge\\User Data\\Local State~RF1ec3da.TMP'},50710
ac2474bc-8387-4540-b78d-7aa99768570f,"{'subject': 'cmd.exe /c ""REG ADD \\""HKCU\\SOFTWARE\\Microsoft\\Windows\\CurrentVersion\\Run\\"" /V \\""Atomic Red Team\\"" /t REG_SZ /F /D \\""C:\\Users\\victim\\Downloads\\VITAL_SQUASH.exe\\""""'}",50712
82b757ab-2b14-4d3c-b29d-b9ce6f40f43d,{'subject': '\\??\\C:\\Windows\\system32\\conhost.exe 0xffffffff -ForceV1'},50713
74b1343c-0ecb-46bb-a97c-a6e105ecb823,{'file': 'C:\\Windows\\System32\\reg.exe'},50714
7accf6cc-69f9-4e32-86bb-60462b80f09d,"{'subject': 'REG  ADD \\""HKCU\\SOFTWARE\\Microsoft\\Windows\\CurrentVersion\\Run\\"" /V \\""Atomic Red Team\\"" /t REG_SZ /F /D \\""C:\\Users\\victim\\Downloads\\VITAL_SQUASH.exe\\""'}",50715
00f433cd-a05b-4bce-b54a-2c23734c9554,{'file': 'reg.exe'},50716
d340553d-3c2d-4528-ba63-3b8bae99af2e,{'file': 'C:\\Windows\\System32\\en-US\\reg.exe.mui'},50717
b0712e61-86d8-48a4-8b93-733a69d6f556,{'file': 'C:\\Users\\victim\\AppData\\Local\\Microsoft\\Edge\\User Data\\4794df11-c47a-456a-8953-8b7349bed1b4.tmp'},50720
1a851aa1-f24a-4d13-a305-96e247a9936d,{'file': 'C:\\Users\\victim\\AppData\\Local\\Microsoft\\Edge\\User Data\\Local State~RF1f0a1b.TMP'},50721
f5077a1f-12b5-45aa-acca-c4f502919fa5,{'subject': 'C:\\Windows\\System32\\smartscreen.exe -Embedding'},50724
acd0fda9-d47d-4333-a3ce-05960e828821,"{'subject': '""C:\\Windows\\SystemApps\\Microsoft.Windows.AppRep.ChxApp_cw5n1h2txyewy\\CHXSmartScreen.exe"" -ServerName:App.AppXk7vvv12h4qrkhkbvf6j86ja45mzj5km9.mca'}",50735
65b22e74-2a70-4523-b0f9-e40bcf855c75,{'subject': 'consent.exe 9988 378 000001D65B458BA0'},50742
edaeab67-db78-465b-a1bc-bf81e810fcdb,"{'subject': '""C:\\Users\\victim\\Downloads\\VITAL_SQUASH.exe"" '}",50744
7b7b25ac-1f99-44d3-99df-b25d1f0e3f4f,{'file': 'VITAL_SQUASH.exe'},50745
ada70720-5abd-434f-b6fb-8cef32e6948b,{'netflow': '192.168.56.102:16845->192.168.56.101:2586'},50746
dc1fb5d3-102e-4cfa-896d-f440f808360f,{'file': 'C:\\Users\\victim\\AppData\\Local\\Microsoft\\Edge\\User Data\\c858c018-864f-473c-8760-47981b7c369e.tmp'},50750
62591740-9dda-470f-8c06-ce142a26f583,{'file': 'C:\\Users\\victim\\AppData\\Local\\Microsoft\\Edge\\User Data\\Local State~RF1f872a.TMP'},50751
42d170c9-2a3b-4ac0-9249-0bd0a02e6a98,{'file': 'C:\\Users\\victim\\AppData\\Local\\Microsoft\\Edge\\User Data\\Default\\6690c9a8-ca26-47cc-b931-7884d2f7d2ad.tmp'},50752
2a4b6124-0caf-432f-98d8-037a560d2776,{'file': 'C:\\Users\\victim\\AppData\\Local\\Microsoft\\Edge\\User Data\\Default\\Preferences~RF1f92d3.TMP'},50753
14fc28ec-fcd0-4c1d-8b66-b951e13946cf,"{'subject': 'cmd.exe /c ""shutdown /l""'}",50755
98a63ee0-0700-4f47-9599-e954cb131b50,{'subject': '\\??\\C:\\Windows\\system32\\conhost.exe 0xffffffff -ForceV1'},50756
00a9b928-267e-47e1-9741-9a811cc47cfe,{'subject': 'shutdown  /l'},50757
