0AB07B75-9A6C-4268-B518-7CEBAE58CE5D,6f0cf1d31b5f4de6f6aa1765baaeb62457b0652610a149de9e4f7d8a4f89e0b4,,pid:11395,13
4120E9AF-DCAD-4140-A964-1BA5157A6ED4,9c3438125aa096a5f4a10829a6926fb0c9afcd2e0f6fe738a37aabc1fe2c78a9,,pid:819,14
B13A9337-89FC-4833-83B9-1B7D03E54BA4,52a0000f4a195fd66c3d949cfdbdc3e985ee27233cd25fc16a14331f11300f40,,pid:4014,15
203A04C5-38F7-4771-AC1C-AFA3D81ED0B7,b08e34d74f335aa411596071963295d6584d499e0da411f77d8f6e2776282281,,pid:3736,16
83413A66-3755-4B1F-87AB-BEF160F2AECA,fdb774da1a95c5957faf1224dd0bcd04873cd125493b56fdd7f6e1af0c5ea224,,pid:6629,17
4A122BE4-59C0-434A-B461-FDA2C443CC7F,55a1b25d48ba316a3d3351651f3e9405e2b526c06592212ab313209bc503cb71,,pid:5240,18
BB3D0228-5CA8-4D7B-8E05-0F33008DECF0,24e150317ad98d6a9914d9a2f9b958dd706797c9ee9a342669da19707f88a73d,,pid:3520,19
80E8A15B-EF46-4B0B-9DF6-7CB87B1403B4,91fac75c9e12674e53eb0e2b3f945d70fb523e092ce354f61fd691219205bc10,,pid:6629,20
4AE93C2F-C084-4873-8EE0-2FC29F2833E5,3e41645393b8d2783bf6c75df60a5be891aaf8c37ad971a8a4aa99ae55c5d4ea,,pid:3216,21
19C48871-361C-47FF-A587-A102608DC98D,61d300614a8e3f547a58095bd71cb1ceac62ce774d1f1b3c3d839bc3aadf548b,,pid:6629,22
654A6042-C085-4287-811E-0B445628A1A9,b2125bdcedfa0b65bed33c0a4e46c8d86fe2438d0a2d2cd0af898e1687837912,,pid:6629,23
5034562D-E1AC-4955-9C93-E5D124279153,0d9b829f725f31a189758106dc33d3b08fac436b723a9dd89b5bad101212bccc,,pid:6629,24
FCFF6B69-F638-4D95-B21D-225B6E8C47BC,27b4b43734048cd82445adf409ce1e6c62fde3c966ccc9549fe8fc0d3db70992,,pid:6629,25
D07568FD-5786-4A8F-8744-116BE5E7979E,0d7dbc9b9ec31a1b696c8ad4210eb76481219abdccedcb30da4d1a0786641f89,,pid:3380,26
74F7BE6C-DE09-4F6F-B112-FF525F4BF766,c16c2d00e85880a525857ae340577052095852f22c0d6454f59f2bbb7b39ee2e,,pid:5142,27
7C2B5884-9132-4A62-9BD3-B19FFB4D3672,ffe31c4c2505fab9b3f754bf9e3dcf8fba6dce49ff8a773c0c7d3c8964252ed2,,pid:2829,28
CB30594D-57D4-4BAE-A26D-7139B2D05D37,bedcabe504ed144578a2130df81cb6931f7b77e459e24412a78d491b332b1676,,pid:925,29
0891B775-A99C-4428-9B83-A0968BED544C,168128e828aff031338f4ad7f1b9b00940d7d8d4c6e781b3b39ea341fc72ebc3,,pid:2282,30
0FAD3614-C6D4-4224-B0EB-C3BD6E4A29F6,3807187f716ba397dad53a989b6923b7f3037c3acc26d9766469dd0e23015aab,,pid:915,31
CA2E4B30-47B9-44BD-B27B-22F365B6E513,ca182c1eac2a11bbd0c74f0eabeddbd2620653e8621794e4c07f9d7a5dadb64f,,pid:6629,32
6D1031C6-E3EA-4EEC-ABE4-6AC0626CF9B6,ff8b7eceaf64438459cb324dc83bfdfb2f0eb27d107953cdd0a0cd5a21a3fa26,,pid:6629,33
E21CCAE3-6C57-4B8C-933B-A1DFF2342429,16f6ee2b097287d0522e062086f99f4b0145a946478eeba73205844735417d8d,,pid:6629,34
BB0E5316-01C0-4D32-927A-0D4AD98F2344,ccc29be93b5f43dff00cdeb136987b6b019e41b635f7afaed13056e957061581,,pid:6629,35
791800A5-402D-4737-8DE4-88ED12B39ABD,d368a0d9171442374f8161601c5b09696213e8c8b8561ac4d29ddc95ac795e8d,,pid:6629,36
DDFA9B56-591E-4D12-90E9-8E0B43714959,264bf138d7fcdc05b3b1d483a5c19af9b9cd0ba3d46fb9f3af442d0914121d2e,,pid:6629,37
90994C48-C75D-4025-A159-87858F0452FA,6542aa79eda1f83cbb872283192a8d4f536aea8f1b69b9cd33f0ce89ab6dfcc9,,pid:6629,38
CF44D16F-5154-4501-AC38-6420F149FB82,12a87003957cf42f4f3d0218dcb5aa4cca536681c97a35c952cdccb0f27e8e0d,,pid:830,39
6D08DF99-76ED-4E3D-8783-64D1E40F920C,3fcb64ab834bdbc7baf92686a042e34a5db210791bccecdb0dd56bb149310584,,pid:1,40
354AFB17-D1F2-4C2B-9E9F-071BE0F37016,b11ac89db089184820dc115ea3352086ba83781b01e6ca39779ed593c4edc0f3,,pid:6629,41
0D229EFE-D81E-447E-874C-43ED2074878A,fb9541c8704e59271cb8a4563fccf04e64f502d9f6dc744d541e48786eca77e9,,pid:6629,42
EA0CC330-C064-4A78-85A2-8E9FF0800AB4,92566f29dc6a5753cbb9210c74e29362dd7666855ae1f8e56c22fef2d41d901b,,pid:6629,43
FD9B15D5-92CB-48AC-9A4F-960FFCF242A8,a060bc7f5a59374b5ae4858ed74d381748b78a4fd1d9f871820886229b4f7913,,pid:6629,44
2AB2F9C9-CBAA-406A-83E3-FCB5D50CB430,9e6477814ae9e91463be7d49c4c4521b4f93fbee6f7c0012ef4f0c7e5ca00d4c,,pid:6629,45
DE27E5DD-D413-4EC6-A50D-EC2D1279D937,6cb4a84f40cc96de2b17cb0fafd93558168fee76598124ef97fbfc16539d251d,,pid:6629,46
B96A707E-D69C-42BB-81B8-A8B209EC00D8,4dcf225d9953c76f9ccd21b28c1290a42e3da0399198b72de8f8baf6845b3547,,pid:6629,47
D2A6E8E4-A9F2-4AD5-B2E8-3EC7DF5F666D,5889e1f257b645da1f4491a310253ef55e84e0c56d4bcc036a9d449a82f58806,,pid:6629,48
B2A509A1-87BB-4D31-BC79-E6B7AEA3F6F6,156f387d49e7c62c2c70cc9d759e231756fd126cb8205f8469ea0700d0f5a85d,,pid:6629,49
01887C63-A483-405A-B48F-4DF5B60646E5,3487a5d383c52fda1c47f465cf46549c599c74dc92ed68773ad85f6d4a321ed0,,pid:917,50
9F994E3A-156B-4F47-8814-A98E2707DDD7,9fe4cca51e46090e2e624883f3754978279053fce3e0c3a10ca858272be314b8,,pid:6629,51
6808F847-FDD0-46CC-9238-5596796B306A,1097faaa5172c1fa59a73408785d262fdbf331a4e8f9205f4424f78d1b8b9163,,pid:6629,52
13879B63-3BC9-41A0-9741-439CAA0E4FC3,5c9fcce4cf53eb8367f329d39a80054a5619ca0c2c58427ebcec7600c22159c7,,pid:6629,53
518EC7FC-FA6B-4B07-A889-FC1D7D47380E,9aeb30e98811297fe769fa973a419f48ee7392ade4d14c76648c32c8bf313684,,pid:6629,54
0016CCB1-6C86-44A6-8DED-5563F04D1ADB,50a50b1fc1ce386702b4734b09dfd66fc1ebcf6d8126c4643a1ed5304c1478d4,,pid:6629,55
12743397-373F-474A-9C28-00104B640E03,c5732c0d41c3b559e10ffef389db2a454b6df4670a61208db2a06c81f27daead,,pid:445,56
F2913C06-6735-4E23-822A-958F831D4582,b682e14253e89babd6f9dc08c3fbb0774aab21d292fc83bdc44dc8ee3180ebe2,,pid:11426,57
